title,desc
汪汪队立大功之超能…,神秘陨石坠落冒险湾，赋予了汪汪队强大的超能力！然而陨石的坠落竟是汉丁那市长的粗心实验引来的。汉丁那市长对自己的失败并不满意，于是和他的侄子设计困住了汪汪队的队长莱德，并偷走了陨石，企图控制整个城市。他们的野心却出现了差错，小狗们必须齐心协力，灵活运用新技能——毛毛的威力热力，小砾的超级力量，天天的乘风翼——超能全开，拯救世界！
冰雪勇士3,德国的战争机器在撤退。两名美国M 18坦克歼击车被送到铲除纳粹难改组中的哈尔茨山躲藏。
特种保镖2,《特种保镖2》以丛林中无人区的兵工厂为故事展开的据点，讲述了佣兵小队因任务要求前往荒无人烟、危险重重的工厂，竟遭遇刀枪不入的“不死军队”的包围，全员陷入危机仍浴血奋战的故事...
澳门风云3,《澳门风云3》的故事延续上集刘嘉玲跳飞机&quot;自杀&quot;后，对她痴情一片的张学友发誓要为她报仇，于是布局追杀周润发。在电影中，刘德华、张家辉、李宇春将组成铁三角，李宇春还将有突破性的打戏。
猛虎兵王,抗战胜利前夕，八路军侦查连长张志虎，率领一支代号为“猛虎”的特战敢死队，潜入平安县城配合守城的伪军部队反水起义，在历经生死悲壮的战斗后取得了胜利，成功解放平安县城！
空枕难眠,梅的丈夫终日忙于应酬，留下年轻美貌的她夜夜独守空房，独自打发时光。一次街头偶遇，梅邂逅了英俊潇洒的峰，两人一见钟情，但忌于传统礼教，梅克矜持地拒绝了峰的帮助。谁料峰却对她念念不忘，并展开了疯狂的追逐，他们是否可以克制住自己的愿望，等待他们的又将是如何的结果？
兴安岭猎人传说,东北民间流传着关于“皇围猎人”的神秘传说，他们世代生存于深山，为帝王守护兴安岭这片龙兴之地的气脉运转。传闻猎人除了精通狩猎之法，更知晓驱鬼通神之术。在东北一处偏僻的山村里，悄然发生一起灭门惨案，在村民们的恳求下，最后一代皇围猎人刘二爷（尚铁龙饰）决定出山调查真相，不想过程中怪事屡现，老林子里的秘密也被渐渐揭开……
特工狂花,故事主要讲述东南亚最大的贩卖人口组织头目巴颂在自己的私人俱乐部设宴，宴请世界各地犯罪组织头目。雅美成功地潜入俱乐部执行任务，为了掩护同伴的离开，雅美独自一人引爆了炸弹，消失在火光中，为与未婚夫方立在一起制造了假死。三年后，方立被劫持，雅美只能被迫执行任务解救方立，经过重重难关最终救下了方立，并向相关部门递交了犯罪集团的犯罪记录和证据，巴颂的犯罪组织被一网打破。
鲁班四杰之伏龙海眼,影片取材于广为流传的“北新桥锁龙井”传说，揭开千年古井下隐藏的诡异传说真相。传说明朝年间，高僧姚广孝携鲁班四杰将祸世妖龙封印于锁龙井。百年后，锁龙井下异象丛生时现龙吟，妖龙破印复仇之说渐起，井底浮现巨大地宫，贪心者迷恋龙宫宝藏前赴后继下井摸金，多死于非命。鲁班四杰后人再次集结，探秘锁龙井下真相，经历杀机重重的幻象迷阵、诡戾傀儡，险象环生后，幕后操纵之人终于现身……
蛇王2021,杂志社编辑庞石嘉和同事深入神秘的无人丛林拍摄素材，遭遇毒蛇追击误闯地下蛇宫。侥幸逃脱的三人偶遇受伤老者，得闻嗜血蛇王与人类约定保护一方水土的传说。一行人决定离开丛林时被捕蛇人劫持，只好为他们指路去往蛇宫。捕蛇人设下陷阱杀害蛇王，蛇王震怒大开杀戒，庞石嘉一行以德报怨救下唯一幸存的捕蛇人。亲眼目睹兄弟被巨蛇吞食的捕蛇人后悔不已，决定与庞石嘉一行尽快出山，却被林中游走的盗猎者看到他们装有蛇王蜕下的天价蛇皮。盗猎者伺机而动，准备持枪胁迫庞石嘉一行带他们找到蛇王，生死危机近在眼前，而另一方面，蛇王率百蛇对人发起攻击，蛇口之下又有几人能顺利逃生？
双面妖姬,秀坊做工的女孩春山在临近18岁时经历了数次妖怪袭击后偶遇了捉妖师沉玄，沉玄送给春山一个铃铛，每当遇到危机春山便摇动铃铛，几经危机，两人感情日渐深厚，直到春山18岁，她变成了一个半人半妖的“怪物”，夜晚会被妖性控制无意识杀人。原来落霞镇有一个祭祀的秘密，祭师为了平复河神每隔三年便杀掉活人封印血气到春山体内。沉玄几经波折找到了仪式的根源，拼死搏斗后为救春山献出生命变成渡桥，春山在两人约定之地苦苦等待….
熊出没·狂野大陆,狗熊岭附近新开业了一个神奇的“狂野大陆”，在那里通过基因技术人可以自由变身各种动物，享受无比的自由和快乐。导游事业受挫的光头强和熊二组队，参加乐园里奖金丰厚的比赛，历尽艰险终于获得冠军之际，却意外发现狂野大陆中出现了肆意袭击他人的混合变身怪兽……
九叔之夜行疯魔,故事发生在一个古镇，往日里平静的小镇突然惊现诡异事件！九叔白天经营一家药房，晚上给枉死之人送葬。小镇近来时常半夜出现惨叫，有人离奇死亡都有被撕咬痕迹疑是神秘生物所为。警队频繁接到报案但都一无所获。九叔觉得事情蹊跷，便自己暗中调查。之后又连续发生多起命案，发现死者的死法大径相同。九叔为钱老爷做法送葬。和徒弟们说万一处理不好会造成无法想象的后果。徒弟阿武和阿果晚上回去无意中偷看到师妹无双正在洗澡被师父九叔发现动静，他们俩急忙逃跑半路遇见一群“僵尸”。九叔闻风赶来。展开一场搏斗。九叔根据每次案发现场的一丝丝线索顺藤摸瓜找到了凶手的故事，原来比鬼神更可怕的是……
人潮汹涌,讲述了冷血杀手周全和落魄龙套陈小萌，在一次意外中交换了彼此的身份，从而引出一系列阴差阳错的幽默故事。
唐人街探案3,继曼谷、纽约之后，东京再出大案。唐人街神探唐仁、秦风受侦探野田昊的邀请前往破案。“CRIMASTER世界侦探排行榜”中的侦探们闻讯后也齐聚东京，加入挑战，而排名第一Q的现身，让这个大案更加扑朔迷离，一场亚洲最强神探之间的较量即将爆笑展开……腾讯视频4月30日16点全网首播
唐人街探案3,“曼谷夺金杀人案”“纽约五行连环杀人案”后，“唐人街神探组合”唐仁，秦风被有着“日本第一名侦探”之称绰号“花蝴蝶”的“野田昊”请到东京，路遇“超强变身能力”的韩国侦探朴大基的阻拦，调查一桩离奇的谋杀案。
反贪风暴4,廉政公署收到报案人廖雨萍（周秀娜饰）的实名举报，举报正在坐牢的富二代曹元元（林峯饰）涉嫌行贿监狱里的监督沈济全（谭耀文饰）以及惩教员，首席调查主任陆志廉（古天乐饰）决定深入虎穴，卧底狱中。在监狱里，被陆志廉送入监狱的前警司黄文彬（林家栋饰）以及曹元元两大帮派势成水火，陆志廉趁机接近曹元元取得信任。同时监狱外的廉政公署总调查主任程德明（郑嘉颖饰）、国内反贪局行动处处长洪亮（丁海峰饰）也陆港联手，通力合作，最终成功破获贪腐行贿大案。
长白·太岁,医女白素馨和蛇仙柳龙庭即将大婚之际，柳龙庭却意外发现新娘不是白素馨，而是他五百年前的恋人夏紫苏。原来夏紫苏患病险些身亡，后被高人所救，多年来一直潜心修行。得知柳龙庭大婚，不甘心的夏紫苏便大闹婚宴，甚至不惜用龙庭姐姐的性命要挟。素馨坚定地与龙庭携手并肩对抗紫苏，最终解开重重误会，渡过难关，有情人终成眷属。
三重威胁之跨国大营…,某东南亚小国，龙飞（陈虎饰）和帕于（托尼贾饰）为了谋生，参加了一项秘密的“人道主义救援”任务，没想到他们救下的却是臭名昭著的犯罪分子柯林斯（斯科特·阿金斯饰）俩人还差点为此送命。密谋报仇的二人在地下拳赛中碰到了武艺高强的扎卡（伊科·乌艾斯），扎卡的妻子在这次行动中无辜殒命，三人把酒言欢，没想到第二天扎卡就把他们送到了警察局。中国富商的女儿田小娴（卢靖姗饰）因做慈善触动了黑帮的利益而被追杀，仓皇逃入警察局，而这时黑帮尾随而至，血洗警局。龙飞和帕于只好带着田小娴踏上亡命之旅，两人赤手空拳，杀手如影随形，田小娴满腹疑虑，扎卡敌友莫辩，幕后黑手若隐若现。龙飞和帕于最终与敌人展开了殊死一战。
黄飞鸿之武神林世荣,清朝末年，林世荣来到广州，成为一名屠夫，外号“猪肉荣”。一次，林世荣因抗拒阿太前来猪肉摊收保护费，与阿太成了不打不相识的朋友，并得知阿太正在悄悄拉帮结派，为的是对付几个明里开武馆、暗里收集情报的日本人。林世荣与阿太联手，经一番恶战，终将日本人的阴谋粉粹，阿太为此牺牲，林世荣决定拜黄飞鸿为师，练好功夫，为保护百姓出力。
功夫,1940年代的上海，自小受尽欺辱的街头混混阿星（周星驰）为了能出人头地，可谓窥见机会的缝隙就往里钻，今次他盯上行动日益猖獗的黑道势力“斧头帮”，想借之大名成就大业。阿星假冒“斧头帮”成员试图在一个叫“猪笼城寨”的地方对居民敲诈，不想引来真的“斧头帮”与“猪笼城寨”居民的恩怨。“猪笼城寨”原是藏龙卧虎之处，居民中有许多身怀绝技者（元华、梁小龙等），他们隐藏于此本是为远离江湖恩怨，不想麻烦自动上身，躲都躲不及。而在观战正邪两派的斗争中，阿星逐渐领悟功夫的真谛。
战疫时期的爱情,整个作品以“疫情中的爱”为构思设计出发点进行主题设计，采用多线叙事结构，以七对男女的故事交错呈现，展现疫情期间人们守望相助的动人情感。故事中，有绝望的患者、驰援的志愿者、一线的医护，还有平凡的外地居民，他们是这场疫情中每一个中国人的缩影。这些故事中所呈现的爱的力量，体现了本作品的创作初衷与现实落点。
白蛇:缘起,失忆少女小白被捕蛇人阿宣所救，为了解开自己的身份谜团，小白在阿宣的帮助下开始寻找线索。两人历经艰难险阻，年少男女在一路冒险中萌生爱慕之情。同时，小白的蛇妖身份也逐渐揭开，一场围绕人与妖的纠葛爱情故事随之展开。
致命狙杀,传奇狙击手左英杰一战成名屡立奇功，却遭人构陷含冤入狱。狱中的他意外接到来自冷艳女特工沈雪的绝密任务——刺杀日本细菌战专家北野清张。左英杰临危受命，不料却被叛徒出卖，遭遇战场宿敌日军王牌狙击手下川国正伏击，身陷险境，一场惊天阴谋逐渐浮出水面。国恨家仇、狭路相逢，巅峰对决一触即发……
死亡飞车1,2012年，美国经济状况恶化，犯罪率剧增，已逐步私人化的监狱为谋取暴利不择手段，于是“死亡飞车”比赛应运而生。昔日优秀的赛车手弗兰克（Jason Statham 饰）在工厂里参与了一场工人抗议，结果当天夜里，有人潜入他的家中，杀害了他的妻子，弗兰克却被当做凶手蒙冤入狱。监狱长、死亡飞车比赛的组织者轩尼诗（Joan Allen 饰）要求弗兰克顶替身死的蒙面赛车手科学怪人，并允诺只要弗兰克以科学怪人的身份再赢一场，他即可获得自由。弗兰克与领航员凯丝（Natalie Martinez 饰）进入了这场驾驶改装车并随时会遭遇死亡的疯狂游戏，怎奈他心不在焉的状况下出师不利，弗兰克面临轩尼诗的威胁与陷害，不得不放手一搏……
老潘的归途,罹患肺癌，已至晚期的潘家富在旅行途中认识叛逆的大四女孩小米，二人共同踏上从牡丹江南下临沂的旅程。在旅行中，小米逐渐被阅历丰富的潘家富所影响，体会到了家庭的温暖，与母亲和解；潘家富也被古灵精怪的小米所感染，完成了与旧友言归于好，弥补妻子的心愿以及回到老家临沂解开自己一生最大的心结等愿望。潘家富目睹家乡旧貌换新颜，不再是“荒芜的农村、留守的农村、记忆中的故园“，潘家富终觉此生无憾......
黄飞鸿之英雄有梦,这是黄飞鸿年轻的故事，他注定成为时代的宗师，在武侠世界中一个永恒的传奇。1868年的清末，朝廷腐败让人民生活备受煎熬。在广州，黑虎帮和北海帮子两大恶势力横行于黄埔港。他们以暴力威胁统治在港口的穷苦人民，让他们生活在水深火热之中。外界在看来，黄埔港是个繁荣并充满机会地方，但深入其中，会发现这里其实是人间炼狱。黑虎帮的老板雷公（洪金宝 饰）因一个新兵手下阿飞（彭于晏 饰），以过人身手及胆识直取北海帮子首领的头脑，而让黑虎帮独霸一方，不但靠鸦片赚进大笔银两，更进行着卑鄙的贩卖人口勾当，雷公更视阿飞如己出。其实，阿飞背后另有故事，心中更另有计划。他和肝胆相照的朋友们设了陷阱，救出穷苦的人们，更公开与雷公进行生死决斗。黄埔港终于恢复了和平，也诞生了真正的英雄，这是黄飞鸿故事的开始……
横行霸道,沈越、付晓菲、王佳男、大笑四个在现实生活中各自遇到不同困境和心结的女孩子，为了实现每个人的目的和梦想，她们共同参与一场惊险刺激的大型游戏竞赛“逃出生天”而使四人聚到一起。起初四个女孩儿彼此陌生，从一开始跳伞阶段就意见不统一，导致落地便分道扬镳。中途因为王佳男、大笑、付晓菲三人被敌人所擒，之前脱队的沈越挺身而出疾速营救，使得四个女孩的感情得到了升华。在接下来的比赛过程中，四个女孩经历了抢空投、车战以及狙击战，使得四个女孩逐渐团结起来，最终打开了彼此每个人的心结，携手击败了最强大的劲敌——国服排行榜榜首冠军张英勋。集中体现出了四个女孩每个人的成长以及真正经得起考验的友谊是通过齐心协作来收获的。
如果声音不记得,辛唐拥有通过声音给他人制造快乐的能力，但对同一人使用三次后，性命就会和此人绑定，只有对方开心，辛唐才能活命。偶然，辛唐救下准备自杀的同校网络红人吉择，两人借此绑定。吉择表面开朗，但实际患了抑郁症。辛唐最初为了活下去，费尽心思让吉择开心，而后续也真的投入深情。遗憾辛唐的秘密总会败露，而吉择暗黑的过往也在网络上被人揭开……愿爱情的温暖，能治愈抑郁的青春。
熊出没·原始时代,熊大熊二光头强意外穿越回恢宏的石器时代，在原始部落与猛犸象、剑齿虎等一众奇特生物开启了眼界大开的奇幻之旅！原始时代瑰丽非常却又危机四伏，熊强三人组与一只可爱狼女一路相伴，笑料百出。
僵尸皇帝,一群盗墓贼夜半撬开武宗的坟墓，偷走了镇魂珠。失去镇魂珠，武宗朱厚照变为僵尸从坟墓里爬出。武宗生前好色，死后更是变本加厉，然而夜色之中，一名新婚丧夫的寡妇正为夫君烧纸，武宗色心大发，缓缓接近……
雨夜惊魂,本是一次叫人欢心雀跃的生日会，却成了一场惊悚可怖的雨夜逃生记。有着“阴阳眼”的扣子为摆脱小女鬼的纠缠而误伤了生日的男友，扬长而去。本以为能够顺利逃离魔掌的扣子却被突来起来的一场暴雨困在即将被雨水淹没的桥洞里。不断上升的水位，渗入车内的水，以及锁死的车门，都叫扣子心急如焚。拨通的电话，却无法诉说自己身在何处的扣子已然走在绝望的边缘。死亡...
一吻定情,笨蛋爱上天才，会有结果吗？平凡女孩原湘琴喜欢上了天才少年江直树，在她表白失败准备放弃之际，爸爸居然带着自己搬进了直树家里？！一个猛追，一个猛逃，热闹欢腾的纯真高中生活就此上演。朝夕相处中，直树渐渐被湘琴乐观的无畏精神吸引，他开始怀疑：湘琴究竟是人生偏差、还是自己的命中注定?
佣兵战争2,M国内战失控，叛军引发种族屠杀，国际社会密切关注，但是联合国安理会并未授权军事干预。子安接受委托，任务是率雇佣兵小队深入叛军腹地，找到红十字医疗小组的凌月医生，并将她送抵安全地点。子安率佣兵小队血战丛林，一路闯关拔寨，终于赶到医疗小组驻地，找到凌月。但是凌月坚持：除非把她照看下的70位难民一起带出险境，否则她誓死也不会离开这里。子安在成为佣兵的第一天起，首先学会以任务为重的处事原则，而现在则可能要带上一批与任务无关甚至会彷碍他们顺利完成任务的人，这些训练精良的佣兵必须在天职和道德之间作出选择。子安还未来得及做出决定，新的危机迅速到来。
夜闯寡妇村,计划许久、期待已久的毕业旅行竟成了一场终生难忘的噩梦。自驾旅行的途中，突如其来的一场大雾彷如要围困众人的眼。失灵的发动机在暗夜里停止了前行，将众人逼入徒步的境地。踏入禁地绝非他们所愿，旅行变成致命浩劫也绝非他们所期。没有一个男人而全都是女人的村庄究竟埋藏了什么样的秘密？阴森可怖的氛围正在将一行人引向地狱的门，他们会怎么样？同伴失踪、好友背叛、落跑男孩&hel...
阿凡达,故事发生在2154年，故事从地球开始，杰克·萨利是一个双腿瘫痪的前海军陆战队员，他觉得没有任何东西值得他去战斗，因此他对被派遣去潘多拉星球的采矿公司工作欣然接受。 这个星球上有一种别的地方都没有的矿物元素“Unobtanium”，能够吸引人类不远万里来到这里拓荒的原因就是“Unobtanium”将彻底改变人类的能源产业。但是问题是，资源丰富的潘多拉星球并不适合人类生活，这里的空气对人类致命，本土的动植物都是凶猛的掠食者，极度危险。这里的环境也造就了与人类不同的种族：10英尺高（约3米）的蓝色类人生物“。
印度暴徒,故事的背景是在1795年东印度公司殖民统治印度期间，殖民统治者想要抓住反抗组织”阿扎德“的领袖（阿米特巴·巴强饰演）于是找来了混混弗朗基（阿米尔·汗饰演）充当间谍，但弗朗基在潜伏过程中却有了另外的想法，一段充满了意料之外的动作冒险故事由此展开
夏洛特烦恼,"由开心麻花领衔主演的爆笑喜剧电影《夏洛特烦恼》，昔日校花秋雅（王智 饰）的婚礼正在隆重举行，学生时代暗恋秋雅的夏洛（沈腾 饰）看着周围事业成功的老同学，心中泛起酸味，借着七分醉意大闹婚礼现场，甚至惹得妻子马冬梅（马丽 饰）现场发飙，而他发泄过后却在马桶上睡着了。梦里他重回校园，追求到他心爱的女孩、让失望的母亲重展笑颜、甚至成为无所不能的流行乐坛巨星…… 
　　醉生梦死中，他发现身边人都在利用自己，只有马冬梅是最值得珍惜的……"
危情追踪,大飞与黑豹都在洪爷主持的犯罪集团里工作，警方派卧底阿星搜集集团的犯罪证据，可惜被大飞识破了，星取得机密磁碟后，交给女友阿ANN，并叮嘱她马上离开香港，她返到吉隆坡后才知道阿星已被杀害。大飞一直与洪爷养子阿豪争宠，故指阿豪与差婆杨琳来往，阿豪只好承诺不管用任何手段，都会找回磁碟。阿豪估计磁碟落在阿ANN手中，所以到大马找阿ANN，而此时香港警方对阿星被杀一案，也非常关注……
心里有数,阿欢从小就有一个很“废”的超能力：挨一耳光就能看见他和别人剩下的见面次数。一次意外让他深信，一旦突破了次数的限制就会带来厄运。从此阿欢得过且过，游戏人间。而青梅竹马的晓彤和阿欢的见面次数高达一万多，他本以为注定是一生的伴侣，所以毫不珍惜。直到有一天，阿欢发现自己和晓彤的见面次数只剩下几次，好哥们阿伟也要离他而去。他意识到自己必须做出改变。阿欢能否打破命运的魔咒呢？
战狼,痞性十足的冷锋（吴京 饰）屡屡惹祸，有人说他是流氓，是痞子， 也有人说他是英雄，是传奇，一次行动中冷锋违抗军令打死了恐怖分子，要被开除出队，却意外得到了神秘部队战狼的接纳，但本想换个地方继续惹祸的他却跳进了另外一个深渊，冷傲的战狼副队长，擦出暧昧火花的性感女队长，心计颇 深腹黑的毒枭，枉死的队友，雇佣兵跨过边境线入侵中国……一切都使他陷入了麻烦中。一切都在考验这个团队的毒瘤冷锋，他又该何去何从？
速度与激情8,多米尼克（范·迪塞尔 Vin Diesel 饰）与莱蒂（米歇尔·罗德里格兹 Michelle Rodriguez 饰）共度蜜月，布莱恩与米娅退出了赛车界，这支曾环游世界的顶级飞车家族队伍的生活正渐趋平淡。然而，一位神秘女子Cipher（查理兹·塞隆 Charlize T heron 饰）的出现，令整个队伍卷入信任与背叛的危机，面临前所未有的考验。
末日逃生,两颗彗星正在朝地球运动，人类即将在24 小时内面临毁灭性撞击，然而政府封锁了内部消息，在格陵兰建造了堡垒，只允许部分人类进入。建筑工程师 John 获得了进入堡垒的机会，带着一家三口踏上了去往格陵兰的末日逃生路。然而，在逃亡的过程中，军队得知自己已经被政府抛弃，开始失去控制，劫持了去往格陵兰的飞机，John 的妻子与儿子也因此失散。John 只能去约定好的地方等待妻子与儿子，期望会合后一并开车前往目的地格陵兰。这一路惊心动魄，历经重重困难，他们一家人最终是否可以会合，安全抵达格陵兰……
武林怪兽,"明朝万历年间，东厂督主孙玉鹤奉命捉拿宫中逃走的怪兽；同时，义军少侠甄剑和师妹熊娇娇、侠女冷冰冰合谋聚集一帮绿林好汉，欲劫取官银。官银不翼而飞，却迎来了朝廷钦犯封四海、江湖浪子武柏,更大的危机在于，怪兽就在附近窥视着这一切"
极度兽性,吴家丽饰演的丽与彭丹饰演的丹，情同姊妹，两个友情很好，互相照顾有加，后来吴家丽见业事上被彭丹饰演的角色取代，于是很看不开，而到国外购买高科技蛇血清养颜方法。但吴家丽体内血清变种令她四出杀人，林保怡饰演的警察追查凶案，后来就觉得吴家丽和彭丹可疑，林保怡还慢慢对吴家丽产生了感情，，吴家丽设局令彭丹含冤吞枪自杀，林保怡最后发现吴家丽为凶手的时候，但吴家丽已变成一个耆老年纪老人，惨不忍睹，观众看得也很心痛，其实这部电影还是比较有感触的。
刺杀小说家,关宁（雷佳音 饰）为了寻找失踪女儿的下落，接受了屠灵（杨幂 饰）委派的任务——刺杀小说家（董子健 饰）。未曾想到的是，小说家笔下的世界，正在影响着现实世界中众人的命运。奇幻与现实的故事交错展开，又紧紧连在一起……
蜂鸟特攻,一年前，作为特种部队一员的约瑟夫·史密斯中士（杰森·斯坦森 Jason Statham 饰）在阿富汗战场经历了常人难以想象的血雨腥风。因某起事件他被军事法庭指控，并被诊断患有攻击压力症。之后约瑟夫从医院逃出，混迹在流浪汉中间艰苦求生。他化名乔伊，与名叫伊莎贝尔（维多利亚·贝维克 Victoria Bewick 饰）的女孩结伴。在一次被歹徒袭击之后，慌不择路的乔伊意外闯入一幢无人房间，适逢主人赴美公干，他放心享用主人的一切物品。饱受精神困扰的他，似乎只能从善良的修女克里斯蒂娜（阿嘉塔·布泽克 Agata Buzek 饰）那里得到些许帮助。偶然机会，乔伊涉足中国黑道，在刀头舔血赚取营生的同时，他意外听到关于伊莎贝尔的消息……
哪吒之魔童降世,天地灵气孕育出一颗能量巨大的混元珠，元始天尊将混元珠提炼成灵珠和魔丸，灵珠投胎为人，助周伐纣时可堪大用；而魔丸则会诞出魔王，为祸人间。元始天尊启动了天劫咒语，3年后天雷将会降临，摧毁魔丸。太乙受命将灵珠托生于陈塘关李靖家的儿子哪吒身上。然而阴差阳错，灵珠和魔丸竟然被掉包。本应是灵珠英雄的哪吒却成了混世大魔王，这调皮捣蛋顽劣不堪的哪吒却徒有一颗做英雄的心。然而面对众人对哪吒的误解和即将来临的天雷的降临，哪吒是否命中注定会立地成魔，他将何去何从。
让我过过瘾,生活憋屈的李乔不仅在家常被妻子打骂，在单位没身份的他本想在同学会上装相，也被同事无情拆穿。内忧外患的李乔走投无路时，却突然中了一张三千万的彩票。为了抛弃过去，独享横财。李乔决定装作失忆，以此与媳妇离婚。可李乔不仅离婚计划不顺利，闹出了许多啼笑皆非的乌龙。而且得知自己“失忆”的妻子一反常态地对自己体贴，这更让李乔犹豫不决……
超市夜未眠,Ben Willis（肖恩·比格斯代夫饰）是在艺术学院就读的学生，他被女朋友Suzy甩了之后，开始变得失眠。为了消磨晚上漫长的时间，他决定到当地的一家超市上晚班。在那里，他遇见了形形色色的人物。在枯燥乏味的夜班工作时间里，他施展自己极端丰富的想象力，把同事和顾客全都幻想成自己脑海中编织的故事的角色。他幻想时间“暂时停顿”，能够冻结世界的艺术之美，以便仔细和从容地欣赏世间和人物的美。他对不太爱说话的女收银员Sharon Pintey（艾米丽雅·福克斯饰）的美貌特别敏感，似乎在这个女孩的身上能够找到解决Ben失眠的办法。本片根据肖恩·埃利斯2004年在12个国际电影节中获得最佳短片奖的18分钟同名短片改编而来。
复仇者联盟,一股突如其来的强大邪恶势力对地球造成致命威胁，没有任何一个超级英雄能够单独抵挡。神盾局也措手不及，其指挥官“独眼侠”尼克·福瑞意识到他必须创建一个“史上最强”的组织，云集各方超级英雄共同战斗，才能拯救世界于水深火热，抵御黑暗势力的侵袭。于是“复仇者联盟”应运而生。
毒战,"刚刚结束一次危险任务的津海市缉毒大队队长张雷（孙红雷 饰），在医院意外见到因车祸入院治疗的香港人蔡添明（古天乐 饰），身经百战的张队迅速判定蔡与毒品勾当有关。通过对蔡的审讯得知，有一车来自粤江的冰毒当天抵达津海，即将和当地的贩毒分子哈哈哥交易，而蔡正是双方联络的中间人。为保住性命，蔡添明积极配合，协助张队伪装成粤江赫赫有名的大毒枭黎振标的侄子与哈哈碰头。随后缉毒大队一路南下，途经蔡在鄂州的毒品加工厂，并最终抵达粤江与黎振标交易。周旋在狡猾凶狠的犯罪分子中间，任是经验丰富的张队也必须步步为营，小心应对。
经过一番凶险的试探，双方终于迎来交易的最后时刻，但此时这盘杀机四伏的棋局也全然失去了控制……"
婚姻痒了（微电影）,一个怀才不遇的编剧，一个疲于奔命的模特，一场为爱领证的裸婚；激情褪去的婚姻遭遇现实的诱惑，围城中的我们将何去何从？昨夜枕边的人，明天会在哪里？现实类都市伦理微电影《婚姻痒了》，敬请关注！
僵尸来袭2,僵尸被封印的五个月后，丁行和刘梅交往顺利，准备举办婚礼，唐顺在极不情愿的情况下和吴明、王萍一起前往参加丁行、刘梅的婚礼。而在另一边，神秘人物出现并闯入古墓，破坏封印并降服僵尸。吴明察觉到封印被破坏，为了保护小镇居民的安全，决定再次出山降妖伏魔。   唐顺、吴明、王萍前往古墓调查，在墓中唐顺在角落发现好友高鹏的一条随身项链。误以为好友高鹏盗墓时，意外放出僵尸后被僵尸害死。但是唐顺没有告诉其他人这个线索，而是偷偷收好项链，暗暗发誓要抓到僵尸给高鹏报仇。
误杀,李维杰与妻子阿玉来泰打拼17年，膝下育有两个女儿，年届四十的他靠开设网络公司为生，为人也颇得小镇居民的好感，而这一切美好却被突如其来的不速之客打破。这个充斥走私，贩毒活动的边陲小镇，各种权力交织碾压公平正义。李维杰的大女儿被督察长的儿子强暴，因反抗误杀对方。李维杰曾亲眼 目睹督察长滥用私刑，深知法律无用，为了维护女儿，捍卫家人，李维杰埋尸掩盖一切证据，在时间与空间的交错缝隙中，与警方在身心层面，展开了殊死一搏的较量。
帕克,自诩行侠仗义、绝不伤害人命的劫匪帕克带领同伙洗劫俄亥俄一座游乐场，谁知最后关头却遭背叛，身受重伤，命悬一线。死里逃生的帕克迅速从医院逃出，他有条不紊搞来现金，准备假证件。为了讨回自己应得的那份钱，他查到同伙梅兰德等人的消息，一路尾随前来。与此同时，有着芝加哥黑手党背景的梅兰德等人察觉到帕克的行踪和动机，也唆使杀手追杀这个难缠的对手。围绕着这笔不义之财，交织着人性欲望的杀戮随即展开……
最好的我们,每个人的心里大概都藏着一个念念不忘的人。一个偶然被提及的名字，让女摄影师耿耿内心掀起万千波澜，触动了回忆的开关，那个撩人心动的少年余淮再度闯进她的思绪。 那是记忆里最好的时光，“学渣”耿耿和“学霸”余淮成了同桌，还结识了简单、贝塔、徐延亮。校园里充盈着专属少男少女们的懵懂、青涩、怦然心动和勇敢，耿耿余淮也拥有了他们的约定。高考后，当耿耿满怀期待憧憬约定兑现之时，余淮却忽然消失不见了。七年后两人重逢，余淮当年未说出口的那句话、他不辞而别的秘密，耿耿能否得到解答？这段耿耿于怀的过往，让两人再度面临情感的抉择…… 本片根据八月长安同名小说作品改编。
疯狂动物城（国语版…,疯狂动物城是一座独一无二的现代动物都市。每种动物在这里都有自己的居所，比如富丽堂皇的撒哈拉广场，或者常年严寒的冰川镇。它就像一座大熔炉，动物们在这里和平共处——无论是大象还是小老鼠，只要你努力，都能在此闯出一番名堂。不过乐观的警官兔朱迪（金妮弗·古德温 Ginnifer Goodwin 配音）却发现，作为史上第一任兔子警官，要和一群强硬的大块头动物警察合作可不是件容易事。为了证明自己，她决心侦破一桩神秘案件；追寻真相的路上她被迫与口若悬河、谎技高超的狐尼克（杰森·贝特曼 Jason Bateman 配音）联手，却发现这桩案件背后隐藏着一个意欲颠覆动物城的巨大阴谋……
敦刻尔克行动,敦克尔克大撤退期间，一支军事小队奉命执行秘密任务，深入敌营拯救一位握有能够扭转战争局势情报的科学家。在腹背受敌、孤立无援的局面下，他们必须想办法在纳粹占领区杀出一条血路，完成这个不可能的任务……
烈日灼心,《烈日灼心》是由导演兼编剧曹保平历经3年打造的犯罪悬疑电影，由邓超、段奕宏、郭涛、王珞丹、高虎主演，影片由蓝色星空影业、博纳影业出品，剧本根据厦门女作家须一瓜的长篇小说《太阳黑子》改编。三个结拜兄弟共同抚养着一个孤女，多年来一直潜藏在城市的角落。 一名出租车司机，帮助无数人却从来不接受记者采访；一名协警，除暴安良，却从没想过升迁入职；一名渔夫，每天照料着孤儿的生活……看似风平浪静，实则内心暗涌，直到种种巧合之下， 警察伊谷春以及他的妹妹伊谷夏与他们的生活发生了神秘交织。他们的命运就此改变，曾轰动一时的惊天大案浮出水面，法网和人情究竟谁更无情？
记忆大师,故事发生在2025年，因为和妻子张代晨婚姻破裂，男主角江丰走进记忆大师医疗中心接受手术，却不料手术失误记忆被错误重载，他莫名其妙变成了“杀人凶手”。警官沈汉强的穷追不舍让他逐渐发现，自己脑内的错误记忆不仅是破案的关键，更是救赎自己的唯一希望。与此同时，妻子身边出现的女人陈姗姗、记忆中浮现出的神秘女子，似乎也和真相有着千丝万缕的联系，一场记忆烧脑战也随之开始。
风声,"1942年10月10日，汪伪政权举行了盛大的国民政府庆典。然而，一系列的军政要员遇刺事件，让身为特务处长王田香（王志文 饰）如坐针毡。在对女刺客（刘威葳 饰）的酷刑审问中，他获得了一条关键的情报——代号为老鬼的地下党已经混入了剿匪司令部。立功心切的王田香立刻向日本皇军特务机关长武田（黄晓明 饰）做了汇报。二人随即在裘庄布下了一个圈套，意图通过放出假消息逼老鬼现身。
在被怀疑的对象中，有司令的侍从官白小年（苏有朋 饰）、军机处长金生火（英达 饰）、剿匪大队长吴志国（张涵予 饰）、译电组组长李宁玉（李冰冰 饰）以及行政收发专员顾晓梦（周迅 饰）。在怀疑与排查中，武田与王田香不择手段软硬兼施，然而事情的发展却出乎意料……"
狼群行动,"医疗志愿者李瑶在某国艾都力的某个村落给当地村民提供医疗帮助，突遭绑匪袭击成为俘虏，其父亲得知消息联系张震、吴优其安保小队前往，成功救出李瑶后因仍有同胞被困,返回并夺取交通工具去往高地寻求救援信号，安保队员与绑匪之间展开了一场轰烈的追逐，张震、雷霆、武鸣相继牺牲后，吴优护着李瑶和幸存者终于等到了救援...."
下一任:前任,林心恬的爱情路一直不顺，总是不能在对的时间遇到对的人。正当她心灰意冷时，缘份使她邂逅了多情暖男吾川，吾川对心恬展开狂热追求，最终心恬被打动。然而意料之外的是，心恬自学生时期就暗恋的学霸男神黄克群又出现了。是该选择近在眼前的幸福，还是多年前梦寐以求的白马王子？当心恬做出决定后才发现，原来爱情在冥冥中早已注定！
飞虎队,抗日战争时期，山东鲁南枣庄附近的铁路和煤矿工人在中国共产党的领导下，群组织成一支短小精悍的铁道游击队配合八路军主力部队，在临枣铁路沿线对日寇展开了英勇悲壮，可歌可泣的武装斗争……
梦回玛丽莲,法国气质清新女星苏菲·奎茵顿摇身一变成为酷似梦露的金发尤物，完美诠释集天真、性感、脆弱、温柔于一身的女主角，富有层次的演技获得一致好评。 　　　罗素是畅销犯罪小说作家，但最近有了严重的写作瓶颈。为了领取远房亲戚留给他的遗物，他造访位于法国与瑞士交界的偏远山区，在冰天雪地的小镇里却碰上了一起轰动当地的谋杀案。　　死者是小镇上名气响当当的美人坎蒂丝，当地警方却直接跳过调查程序，以自杀草草结案，但罗素深信事有蹊跷。
唐人街探案,天赋异禀的结巴少年秦风（刘昊然 饰）警校落榜，被姥姥遣送泰国找远房表舅——号称“唐人街第一神探”，实则猥琐的大叔唐仁（王宝强 饰）散心。不想一夜花天酒地后，唐仁沦为离奇凶案嫌疑人，不得不和秦风亡命天涯……穷追不舍的警探黄兰登（陈赫 饰）、无敌幸运的警察坤泰（肖央 饰）、穷凶极恶的匪帮三人组、高深莫测的唐人街教父、美艳风骚的老板娘阿香（佟丽娅 饰）等悉数登场！七天！唐仁、秦风必须取长补短、同仇敌忾！他们能否躲避警察追捕、匪帮追杀、黑帮围剿，在短短七天内，完成找到失落的黄金并查明真凶，为自己洗清罪名这些逆天的任务？
浴血反击,"本片以八路军120师和暂一师36团收复晋西北为背景,讲述了从灵台大地上走出的抗日英雄高永祥,带领英勇的八路军战士浴血奋战、抗击日寇、收复晋西北、最终壮烈牺牲的感人故事……"
浴血无名川,影片讲述了抗美援朝战争时期，我国志愿军三排排长孟大关（任天野饰）临危受命，带领小队前去解救被困敌后的侦察排，经历了一系列艰难险阻，三排与“杜神枪”杜川（李东学饰）带领的侦察排成功汇合。为了避免大部队更大伤亡，孟大关与杜川在危急关头果断决定困死无法补充供给的敌方重炮营，一次次小规模战斗在这个无名水川暗暗展开……
神探蒲松龄,一代文豪蒲松龄（成龙饰）执阴阳判化身神探，与捕快严飞（林柏宏饰）联手追踪金华镇少女失踪案。蒲松龄带领“猪狮虎”“屁屁”“忘忧”“千手”等一众小妖深入案情，在找寻真相的过程中，牵扯出一段旷世奇恋。
一眉道人,一眉道人（林正英 饰）修为高强，擅长茅山道术，和徒弟阿豪（钱小豪 饰）住在一个小镇上；他养了一只清朝的小僵尸，小僵尸经常帮他和阿豪办事。一天，一眉道人被邻镇的人邀请去捉鬼，因为邻镇瘟疫蔓延，不时有僵尸出没。一眉道人带上阿豪和小僵尸出发了。在邻镇一眉道人他们遇上了一群修女，阿豪弄出不少笑话。一眉道人发现邻镇的引用水源都被尸毒污染，不能饮用，于是和阿豪一起寻找水源。他在教堂的地下室发现了僵尸的痕迹，原来此处本来放着一具西洋僵尸，邻镇乡公所的所长意外令西洋僵尸复活了。一场精彩的中国法术对付西洋僵尸的好戏上演了。
大鱼海棠,"故事发生在一个宁静的夜晚，在西南边陲某个地区，圆形土楼迎来了暴雨之夜。身着传统服装的年轻女子打着雨伞冲出土楼，在廊桥处放了一盆花后继续前行。白发少年坐在窗口大快朵颐，他看到女孩越跑越近，于是故意将一个花盆碰了下去。花盆在女孩的背后摔得粉碎，她只稍稍停下看了看，也不顾少年的搭讪，继续向前方跑去。少年感到好奇，于是也穿戴蓑衣斗笠跟了过去。不久女孩来到云海缭绕的山顶，几声铃响过后，云海另一头驶来神秘的孤舟。女孩乘上船，驶向了远方…… 
本片荣获第十四届韩国首尔国际动漫节最佳技术奖。"
玩命追踪,个性容易冲动火爆的布兰特（杰森斯坦森饰），有一次在街头遇上三个混混试图要偷走他的车，身为警官的他竟然动用私刑痛打了这三名嫌犯，因此他被强制接受心理咨询。某天，城市出现了一名专杀警官的连续杀人魔，他的凶器是一把锤子，无人知道他的踪迹，而他靠着连续犯案来追求社会的关注。布兰特奉命追查这名凶手，面对凶残狂妄凶手的放肆挑衅，布兰特真的火大了，既然法律都没办法制裁这名凶手，他决定要靠自己的双手，为这个社会伸张正义！
赤裸狂奔,李小燕生于中国，因误信大陆姑爷仔而沦为妓女更染上毒瘾，盛怒之下杀了姑爷仔逃亡至香港。小燕重操故业，于扫黄行动中被捕，香港警察张大卫与大陆贩Kingkong勾结运毒，张为自保不惜欺骗下属兼女友Rainbow，带小燕回广州接近Kingkong，协助他运毒来港以拘捕他，岂料回港时Kingkong以毒针刺晕小燕及Rainbow，两人醒来时已身处加拿大海关……
寻梦环游记,热爱音乐的米格尔不幸地出生在一个视音乐为洪水猛兽的大家庭之中，一家人只盼着米格尔快快长大，好继承家里传承了数代的制鞋产业。一年一度的亡灵节即将来临，每逢这一天，去世的亲人们的魂魄便可凭借着摆在祭坛上的照片返回现世和生者团圆。在一场意外中，米格尔竟然穿越到了亡灵国度之中，在太阳升起之前，他必须得到一位亲人的祝福，否则就将会永远地留在这个世界里。米格尔决定去寻找已故的歌神德拉库斯，因为他很有可能就是自己的祖父。途中，米格尔邂逅了落魄乐手埃克托，也渐渐发现了德拉库斯隐藏已久的秘密。
神偷奶爸3,预算并不大、制作时间也不长的影片《神偷奶爸》（又名《卑鄙的我》）自上映起便获得了极大的关注度和良好的口碑，不论是在北美还是海外都获得了超高的票房，这部曾被称为票房黑马的电影成为环球影业可以动画领域的翘楚迪斯尼、梦工厂相互抗衡的第一部电影。它的出现，改变了迪斯尼好莱坞动画电影一枝独秀的局面。如今，本片在经历了5个年头后将于2017年推出该系列的第三部
旺角半熟少女,榕榕、大家乐和摇摇都是爱在旺角出没的少女，三人均处于肉体成熟但思想半熟的时期，也有各自不同的问题。榕榕长期被男友豪仔要求交换第一次，令她好不烦恼；大家乐则因错爱者师而被停学，后来却发现不过是被老师玩弄；摇摇更因染上毒瘾，要以肉体换取毒品。从重家组被调往“明灯计划”的女警程姐，其首项任务是辅...
蜘蛛侠:平行宇宙,蜘蛛侠不止一个！漫威超英动画巨制《蜘蛛侠：平行宇宙》将经典漫画与CGI技术完美呈现，讲述了普通高中生迈尔斯·莫拉斯如何师从蜘蛛侠彼得·帕克，成长为新一代超级英雄的故事。影片中迈尔斯和从其它平行宇宙中穿越而来的彼得、女蜘蛛侠格温、暗影蜘蛛侠、潘妮·帕克和蜘猪侠集结成团，六位蜘蛛侠首次同框大银幕，对抗蜘蛛侠宇宙最强反派。
少女佳禾,两年前，母亲的意外遇害，令李佳禾的生活彻底“黑暗”起来。面对同学的霸凌和懦弱的父亲，少女佳禾逐渐养成了有仇必报的刚硬性格。一次车祸，她撞见了在工读学校表现良好而提前归来的“少年犯”于镭，寻求律师无果后，佳禾决心要在14岁生日之前完成自己的“未成年复仇计划”。她跟踪并伺机接近于镭，学喝酒、泡网吧，甚至和他身边的社会青年混成一片。终于，当机会到来时，她一步步陷入了危险与犯罪的边缘……
罗小黑战记,在熙攘的人类世界里，很多妖精隐匿其中，他们与人类相安无事地生活着。猫妖罗小黑因为家园被破坏，开始了它的流浪之旅。这场旅途中惺惺相惜的妖精同类与和谐包容的人类伙伴相继出现，让小黑陷入了两难抉择，究竟何处才是真正的归属？
茅山,桃源镇的阴守一从小到大都梦想能够成为茅山弟子，匡扶正义。但母亲却只希望他能平安度过一生。茅山叛徒洛幻真再次挑衅茅山，想要抢夺茅山灵气，阴守一意外被选为“九龙真人”，担负起了拯救茅山的责任。茅山掌门凌霄道长对阴守一不抱希望，但渐渐被阴守一的执著和大义感动，将阴守一培养成了真正的九龙真人，守护茅山。
宝塔镇河妖之诡墓龙…,清朝末年，城中百姓多数染上怪病。关心国家命运的禾苗希望张孝智助自己到水下地宫取得宝藏。但另有几方势力为了获得地宫宝藏展开了一场大乱斗。最终，众人发现所谓的宝藏根本子虚乌有。而导致盛京变成人间地狱的根源也非妖魔鬼怪，而是日本人人体试验的阴谋。 张孝智与禾苗、兄弟钱眼儿、弃暗投明的黑风双煞最终不计自身安危地准备解救盛京的危局……
战狼2,故事发生在非洲附近的大海上，主人公冷锋（吴京 饰）遭遇人生滑铁卢，被“开除军籍”，本想漂泊一生的他，正当他打算这么做的时候，一场突如其来的意外打破了他的计划，突然被卷入了一场非洲国家叛乱，本可以安全撤离，却因无法忘记曾经为军人的使命，孤身犯险冲回沦陷区，带领身陷屠杀中的同胞和难民，展开生死逃亡。随着斗争的持续，体内的狼性逐渐复苏，最终孤身闯入战乱区域，为同胞而战斗。
大战食人蝎,"戴尔菲娜患了癌症躺在医院里,鲁迪·萨拉萨尔有匹配的骨髓捐献给她以挽救她的生命.如果他捐献他的骨髓他将免于他的劳役之灾获得重新的生活,但是他在去医院的路上逃走了,开始另一种恐惧的日子。"
鬼整人,一个叫雪霞的女人在古代被冤枉砍了头，含冤死去，后来变成厉鬼到了现代她想找害死她的人的后代报复。她根据斩她头的那把刀找到了一个光头仔，后来大姑妈（惠英红）和大叔公（谷峰）合手来对付女鬼，女鬼不是他们的对手，最后答应被祖师爷（午马）收服后又逃出的狮王要求，嫁给他做魔王的妻子。最终祖师爷给他们符咒让小雄带上，并嘱咐要用阴阳童子尿对付女鬼，经过连番厮杀终于将狮王和女鬼收服。情节中有一段卖粽子的，她说我要一个，一连要了很多，那人回头一看没头，都把粽子塞脖子里了，然后那人被鬼咬死了，还有有酒鬼夜晚回家路上看到她梳头，起了色心，过去一看是鬼，也被吸血了........
绑架者,重案组警察林薇（白百何 饰）的女儿突然失踪，唯一嫌疑人杨念（黄立行 饰）却在案发当夜横遭车祸并失去记忆。在追踪线索和回忆的逃亡路上，杨念不断遭人暗杀，一心找回女儿的林薇也不惜代价对他步步紧追，重案组组长陆然（明道 饰）在关键时刻对林薇施以援手。真相一层层剥开……
绝色之战,2050年，X国获知境外邪恶组织“罗刹”得到了一种可以改造人记忆的“虚拟记忆改造技术”，“末罚兵团”的队长白炙率领其队员恶氧、鬼车、狴蛟、猎隼等潜入罗刹组织摧毁其虚拟记忆改造技术，却由于其中有内鬼而不幸落入了罗刹组织首领“判官”的陷阱当中，几人也因此成为了罗刹组织“虚拟记忆改造技术”的实验品。白炙、恶氧、鬼车、狴蛟、猎隼等人在虚拟记忆实验中经历了一场“自相残杀”后，最终还是恢复了原有的真实记忆。而白炙也通过这次实验发现原来自己的队友恶氧的真实身份是罗刹组织中的内鬼。白炙、鬼车、狴蛟、猎隼等人从虚拟记忆中苏醒后所面临的是如何继续完成摧毁“虚拟记忆改造技术”的任务和突出重围的危险。最后，为了能够完成任务，猎隼和狴蛟相继牺牲。而白炙在心怀愧疚的恶氧的帮助下摧毁了“虚拟记忆改造技术”。恶氧和白炙也用自己的生命为代价将罗刹组织彻底毁掉，最后鬼车拖着残肢向远方走去……但一切却似乎并没有结束，“虚拟记忆改造技术”再次默然启动……
笑林小子2：新乌龙院,女魔头天魔再现江湖，并收买糊涂杀手黄柠檬（张卫健）及红柠檬（叶全真）前往一座名不见经转的老寺乌龙院，企图夺得放于面璧大师右手掌的洗髓经秘笈。怎料，他俩却遇上寺内三名行踪怪诞的弟子，分别是体重与胆色同重的大师兄（吴孟达）、鬼主意通天的小文（郝邵文）及武学奇才小龙（释小龙）。此三名弟子不时与其师父（李明炀）斗法，但在黄、红柠檬眼中，却以为另有文章。其间，大师兄趁化缘机会，带同小文与小龙偷拍广告赚钱，因而结识了广告明星郑大侠（郑少秋）。天魔突然出现，并言明当日与面壁结下情缘，但他去忘恩负义，因此天魔怀恨在心，定要致面壁于死地。
阿甘正传,"阿甘（汤姆·汉克斯 饰）于二战结束后不久出生在美国南方阿拉巴马州一个闭塞的小镇，他先天弱智，智商只有75，然而他的妈妈是一个性格坚强的女性，她常常鼓励阿甘“傻人有傻福”，要他自强不息。
阿甘像普通孩子一样上学，并且认识了一生的朋友和至爱珍妮（罗宾·莱特·潘 饰），在珍妮和妈妈的爱护下，阿甘凭着上帝赐予的“飞毛腿”开始了一生不停的奔跑。
阿甘成为橄榄球巨星、越战英雄、乒乓球外交使者、亿万富翁，但是，他始终忘不了珍妮，几次匆匆的相聚和离别，更是加深了阿甘的思念。
有一天，阿甘收到珍妮的信，他们终于又要见面……"
倚天屠龙记之魔教教…,张翠山和他妻子殷素素、儿子张无忌从孤岛回来为他师父祝百岁大寿，途中无忌被玄冥神掌所伤。张无忌与小昭掉下悬崖，巧遇火头陀学会九阳神功摆脱了寒毒。张无忌和小昭决定去光明顶，帮助外公白眉鹰王。蒙古郡主赵敏暗算明教，张无忌找赵敏要解药，赵敏要张无忌答应三件事。白眉鹰王等人到少林寺要为明教讨回公道，张无忌用乾坤大挪移心法救出张三丰。赵敏临走时告诉张无忌，要救六大派，到大都找她。
复仇者联盟4:终局之…,一声响指，宇宙间半数生命灰飞烟灭。几近绝望的复仇者们在惊奇队长的帮助下找到灭霸归隐之处，却得知六颗无限宝石均被销毁，希望彻底破灭。如是过了五年，迷失在量子领域的蚁人意外回到现实世界，他的出现为幸存的复仇者们点燃了希望。与美国队长冰释前嫌的托尼找到了穿越时空的方法，星散各地的超级英雄再度集结，他们分别穿越不同的时代去搜集无限宝石。而在这一过程中，平行宇宙的灭霸察觉了他们的计划。
大梦聊斋,降妖术士王子服和唐闻委托干铁锤打造“伏魔神兵”，谁知干铁锤爱慕王子服不得却意外身亡，灵魄阴差阳错进入狐妖婴宁体内。王子服和唐闻在追查干铁锤下落的过程中，发现婴宁的秘密，开启了一场奇幻之恋……
心花路放,二手音响商耿浩婚姻失败，他想用锤子爆小三的头，却迟迟没有勇气，幸亏在剧组做制片的兄弟郝义及时发现自暴自弃的耿浩，他决定带着耿浩开启一段“治愈之旅”。于是一对好基友带着一只狗上路，邂逅三千公里的“桃花”。“阿凡达女郎”、“杀马特”周丽娟、“白富美”，各式各样的女人接连登场，耿浩一路艳遇一路疗伤。时光倒转，5年前的此时，大龄文艺女青年因为听了一首流浪歌手耿浩的歌，毅然前往大理……在经历一连串奇葩遭遇之后，大家都放下了心里的“阴影”，找到了通向幸福的道路。
昆仑神宫,该片讲述的是摸金校尉胡八一、Shirley杨、王胖子为解开雮尘珠的秘密，与想要找到“水晶尸”的香港古董商人明叔一行人组成探险队，共同前往古格王国的遗址、喀拉米尔的龙顶冰川寻找古格银眼、冰晶尸骨，却意外遭遇神秘巨兽大白猿以及白狼王等危机，几经波折最终脱离险境的冒险故事。
苦妓追忆录,九十岁的老记者（Marco Antonio Trevi&#241;o 饰）要迎来自己的寿辰，于是致电老朋友——妓院老鸨罗萨（Geraldine Chaplin 饰），要求她为自己找一个处女过夜。一位年轻的女工（Alejandra Barros 饰从此进入老人的生活，白天，她在工厂缝扣子，晚上，她穿过半个城市来到妓院，裸露睡下供老人把玩，在他面前始终昏迷不醒。老人把她叫作德尔加蒂娜，慢慢发觉自己爱上了她，在沉睡的她面前，他回忆起自己一生的所有风流荒唐，家里的洗衣妇，订过婚又被他抛弃的女孩，夜夜笙歌的妓院美景……他越来越发觉自己已经离不开德尔加蒂娜，而她在他睡着后也会偷偷观察他的一切，对他颇有好感，但是一场意外发生的凶杀案令妓院被迫关闭，德尔加蒂娜就此不见，老人开始发疯寻找。
赌侠1,"赌神击败赌魔后,收刀仔为徒,将毕生绝技授予他。一年后,刀仔重出江湖,以赌技赢来的巨款尽捐作慈善用途..,故被尊为&quot;赌侠&quot;。 赌圣知自己特异功能赢来之钱,不应供私人享用,欲拜赌神为师,…"
迷色,一个男性沙文主义者把自己的才能花在控制女人的技巧上，只有他的一个学生发现他的真面目。
地质灾难,洛杉矶的一个家庭在历史上最大的灾难的汇合中分开了：一个超级火山、一次特大地震和一次大规模龙卷风。当世界经受住这场几乎世界末日的事件时，我们的英雄们必须坚持自己的技能和智慧来团结和生存下去。
我和我的家乡,电影《我和我的家乡》定档2020年国庆，延续《我和我的祖国》集体创作的张一白担任总策划，宁浩、徐峥、陈思诚、闫非和彭大魔、邓超和俞白眉分别执导五个故事。
姜子牙,动画电影《姜子牙》的故事发生于封神大战之后。昆仑弟子姜子牙，率领众神战胜狐妖，推翻了残暴的商王朝，赢得封神大战的胜利，即将受封为众神之长。在巅峰时刻，他却因一时之过被贬下凡间。失去神力，被世人唾弃。为重回昆仑，姜子牙踏上旅途。在战后的废墟之上，他重新找到了自我，也发现了当年一切的真相。
屠魔战士,"疯狂的科学家弗兰肯斯坦（Aden Young 饰）用不同的尸体部分创造了科学怪人亚当（艾伦·艾克哈特 Aaron Eckhart 饰），可却失去了对方的信任。亚当在埋葬了弗兰肯斯坦后，遭到可怕的恶魔们的袭击。关键时刻，他被一群神秘战士救下，对方是鲜为人知的夜行神龙族，长久以来一直和可怕的炼狱恶魔作战。在女王莲诺尔（米兰达·奥图 Miranda Otto 饰）的请求下，曾经憎恨人类的亚当加入了剿灭恶魔的战团。此后两百多年，他在世界各地流浪，只为先下手为强，除掉恶魔的头目纳贝流士王子（比尔·奈伊 Bill Nighy 饰）。 
天使和恶魔的全面战争拉开序幕，亚当骑着举足轻重的作用……"
速度与激情7 英语,温子仁目前正积极忙于影片拍摄前的准备工作，而且正在设计了很多与众不同的动作场面。除此之外，他还在采访中爆出一段猛料：杰森斯坦森确定加盟《速度与激情7》，饰演第六部大反派欧文肖（卢克伊万斯 饰）的哥哥伊恩肖，届时将上演哥哥为弟弟报仇的戏码。再加上确定回归的范迪塞尔和岩石道恩强森，三大光头猛男无疑将碰撞出更为热血的火花。
明城攻略之镇河妖,为造福百姓，明朝巨富沈富出钱修建城墙。却不料，在修建过程中河妖横行摧毁了修建中的城墙，一时间百姓人心惶惶。为安抚民心，皇帝下令让沈富献出传家宝聚宝盆来镇压邪祟，并限期三天，命沈富和工部左侍郎李翰阳修复城墙。河妖依旧四处行凶，沈富与同伴一同调查下才发现此事另有隐情。这背后究竟隐藏着怎样的惊天秘密？在力斗怪兽的同时，沈富又如何在三天限期内破案？
鬼打鬼之黄金道士,道长林正英与徒儿入住鬼屋，遇到善良女鬼罗慧娟，为他赶走恶鬼丈夫，此时外国黑社会集团出现，女鬼为他们驱走恶人。英叔立志将捉鬼之学开宗立派，有徒弟跟随。英叔拼命储钱兼职护卫员，被派往一等候发展之旧屋看守……英叔乘机与徒弟入住收租。娟正是数百年前之典型小女人，被恶鬼丈夫千般折磨。英叔入住，与男鬼交手，知悉原由赶走男鬼，并因利乘便，让弟以娟为靶，实习捉鬼。外国黑社会集团知悉大屋原来有二次大战遗下之大批藏金，扮作摩门教徒入住。但终被英叔等人揭穿。恶斗之下，洋鬼出鎗，幸而娟介入将洋鬼赶走。
恐龙世界,宏宇公司最新公测的VR游戏《恐龙世界》引来众多参与者，游戏和现实世界通过头盔相连，最终的幸存者可以获得500万的奖金，为争夺这份奖励，参与者不光要面对随时而来的恐龙的袭击，还要警惕其他玩家。很快，游戏里的三个老手迅速集结，靠着拼杀掠夺来的物资随意终结他人性命，连小孩也不放过，退役军人张琳集结其他两位，走上复仇之路。
唐人街探案2,秦风（刘昊然饰）接到唐仁（王宝强饰）的邀请来纽约参加其与阿香的婚礼。豪气逼人的唐仁迎接秦风，极尽招摇，岂料婚礼其实是唐仁为巨额奖金而参加的“世界名侦探大赛”，比赛的内容是寻找“唐人街教父”七叔的孙子。受骗的秦风怒极欲走，却被 FBI 探员陈英送来的讯息所吸。
雷霆追击,曾在国外做过私人保镖的退伍军人雷霆，得知儿子雷欧被国外黑帮引诱至当作活人狩猎游戏的筹码后，雷霆连同两位好友带着装备进入异国的密林中，几番殊死搏斗救下儿子，兄弟却沦为人质。绞杀现场，雷霆愿以命换命，此时，一位他曾经救下的女人出现了，原来她才是猎杀活人组织的老大，是知恩图报还是见死不救？或者，面对杀红眼的坏人，她能够力挽狂澜吗？
抗日奇侠之武功队,中共地下抗日武装组织成员洛生和莺歌受上级指派，乔装成街头艺人来到韭菜岗子镇，按照约定时间与潜伏在此的地下交通员月兰同志接头，拿到韭菜岗子镇日伪军驻防图，为大部队反攻做准备。二人初到此地，意外救下被日本人追杀的民众大呲花，三人合力与日本人周旋对抗，最终与月兰成功会合。就在此时，日本人藤野也发现了洛生和莺歌乃是中共抗日武装成员的的真实身份，调集兵力围剿。洛生、莺歌、月兰和大呲花四人组成临时抗日小组，最终合力消灭了藤野，但洛生、月兰和大呲花也在战斗过程中献出了自己宝贵的生命，他们的名字镌刻在了中华民族抗击日本侵略的英雄史册之中。活下来的莺歌不忘使命，独自带着驻防图去与大部队会合，开启属于她的新征程。
黑衣人3 普通话版,月球最高监狱，穷凶极恶的伯格罗多星人鲍里斯越狱逃亡。他在1969年犯下邪恶罪行，最终被年轻的K 砍掉一只手臂，送入监狱。此次他逃脱的目的，就是穿越时空杀死K。与此同时，J 和K一如既往处理各种外星人引起的混乱，因对鲍里斯的案件三缄其口，两个好搭档心生隔阂。
挪威的森林（日本）,木月自杀之后，留给曾经青梅竹马的恋人直子（菊地凛子 饰）以及他们的好朋友渡边（松山健一 饰）无法弥合的伤痛。为了忘掉曾经伤痛的记忆，渡边选择了前往东京求学。在新的环境中，渡边几乎忘记过去的一切，直到某天与直子偶遇。在他们共同的记忆里，木月是不可能回避的话题，但他们却像约好了一样谁也没有提起这个人。直子20岁的生日，屋外淫雨霏霏，屋内直子与渡边温存一夜。直子搬家了，她又一次从渡边的生活中消失，渡边的生活似乎又一次恢复平静，但他的内心却满怀伤害直子的愧疚，直到渡边收到直子的信。渡边认识了开朗热情的女同学绿子（水原希子 饰），两人很快坠入爱河，但在渡边的心里，永远有一个位置属于直子……
捉妖记2,上一集与胡巴分别后，天荫带着小岚踏上寻父之路，在义薄云天的天师堂堂主云大哥的帮助下，二人得知天荫父亲宋戴天的护妖轨迹；而重回永宁村的胡巴再度被妖王追杀，颠沛流离逃亡时结识大赌徒屠四谷和一只妖怪，三人一起过着相依为命的生活，但又因屠四谷欠下的巨额赌债横生诸多波折。与此同时 ，江湖盛传小妖王胡巴的重金悬赏令，妖界大军、天师精英、绿林草莽闻风而动，多方势力为抢夺胡巴在清水镇掀起腥风血雨。千钧一发之际，念子心切的天荫和小岚通过天师堂找到胡巴并一起逃离险境。岂料，一场更大的惊天阴谋尾随而至，伺机而动……
赛迦奥特曼,光之国最强的年轻战士赛罗奥特曼、传说的英雄戴拿奥特曼、慈爱的勇者高斯奥特曼，尽管来自不同宇宙的3位奥特英雄，为解决地球未曾有过的危机超越时空集结！个性不同的3位奥特战士们，和在苦境中已经失去希望的地球人类，用勇气和牵绊抓住希望和未来。
欢愉主妇,尽管与丈夫关系冷淡，但Kaja表面上依旧是一位随和、乐观的家庭主妇。当新邻居 Sigve和Elisabeth夫妇搬来之后，他们高尚的生活让Kaja感到无比向往。这对美丽、教养很好的夫妇领养了一位黑人男孩，还利用业余时间在唱诗班演唱。Kaja、Sigve意外地开始了一段婚外恋情，就当两人水乳交融的时刻，一桩桩秘密与真相被揭开。
急先锋,中国商人秦国立在英国惨遭雇佣兵组织“北极狼”绑架，秦的女儿Fareeda（徐若晗 饰）也卷入其中，遭到追杀。千钧一发之际，急先锋国际安保团队成为他们唯一的希望，由总指挥唐焕庭（成龙饰）带领雷震宇（杨洋饰）、张凯旋（艾伦饰）、弥雅（母其弥雅饰）、神雕（朱正廷饰）等组成的急先锋行动小组，上天入地，辗转全球各地施展惊险营救。解救人质的过程中，竟发现“北极狼”背后的恐怖组织还策划了一场惊天密谋……
蛇妖世界,小娴天生脸上有一块大胎记，为此只能找很低工资的工作。丁丁是她养的宠物蛇，由于没钱，只能每星期喂蛇喝自己的血。实际上小娴的胎记是天符，她的血可以助妖精修成正果，为了得到她和血，双性魔用各种办法，但却被已经修成正果的丁丁发现，为了保护自己所爱的女主人，丁丁和双性魔展开了一场惊心动魄的战斗.
建国大业,"在抗战结束之后，各阶级、各党派、广大人民群众反战情绪高涨。于是，在民主爱国人士张澜等人的斡旋下，毛泽东（唐国强 饰）代表的共产党与蒋介石（张国立 饰）代表的国民党拉开了重庆谈判的序幕。为了表示诚意，共产党主动放弃了部分占领的解放区，然而，国民党却丝毫没有建立民主政府的意思，反而驱赶民主党派，逐渐走向了军政府独裁统治的灭亡之路。期间，以毛泽东为首的共产党人通过建立广泛的爱国统一战线，获得了全中国人民群众的支持，为中国人民政治协商会议的召开奠定了扎实的基础，与此同时，垂死挣扎的国民党仍妄图借助阴谋暗杀等卑劣手段阻挠会议召开，一场为建立新中国的决战由此展开……
本片汇集了史无前例的172位国内明星，开创了新时期主旋律题材的先河。"
捷德奥特曼 特别篇,拥有邪恶奥特曼战士贝利亚奥特曼遗传因子的青年朝仓陆！...此刻！苦痛的天命，自我的证明！
上甘岭（1956）,抗美援朝进入最关键的决胜阶段了。美军在板门店谈判期间，暗中调集大量军队，发动突然袭击。美军目标很明确，就是攻占上甘岭，以此作为据点，进而夺取五圣山，一次增加谈判的筹码。　　在上甘岭守卫的是中国人民解放军某部八连。面对比我方多得多的敌军，解放军没有退缩，而是选择了顽强抵抗，以此拖延美军时间，粉碎敌人阴谋。连队在连长张忠发（高保成 饰）的带领下，与美军浴血奋战。虽然坑道里的环境恶劣，而且面临着断水断粮的危险，但是解放军硬是坚守了24天，为中朝联军大反攻奠定了坚实的基础。
大侦探皮卡丘,好莱坞真人电影《大侦探皮卡丘》（暂译）讲述了蒂姆·古德曼（贾 斯 提·史密斯饰） 为寻找下落不明的父亲来到莱姆市，意外与父亲的前宝可梦搭档大侦探皮卡丘相遇，并惊讶地发现自己是唯一能听懂皮卡丘说话的人类，他们决定组队踏上揭开真相的刺激冒险之路。探案过程中他们邂逅了各式各样 的宝可梦，并意外发现了一个足以毁灭整个宝可梦宇宙的惊天阴谋。该电影改编自任天堂3DS同名游戏，由罗伯·莱特曼导演，瑞安·雷诺兹为大侦探皮卡丘配音，贾斯提斯·史密斯、凯瑟琳·纽顿等主演。
title,desc
澳门风云3,《澳门风云3》的故事延续上集刘嘉玲跳飞机&quot;自杀&quot;后，对她痴情一片的张学友发誓要为她报仇，于是布局追杀周润发。在电影中，刘德华、张家辉、李宇春将组成铁三角，李宇春还将有突破性的打戏。
佣兵战争2,M国内战失控，叛军引发种族屠杀，国际社会密切关注，但是联合国安理会并未授权军事干预。子安接受委托，任务是率雇佣兵小队深入叛军腹地，找到红十字医疗小组的凌月医生，并将她送抵安全地点。子安率佣兵小队血战丛林，一路闯关拔寨，终于赶到医疗小组驻地，找到凌月。但是凌月坚持：除非把她照看下的70位难民一起带出险境，否则她誓死也不会离开这里。子安在成为佣兵的第一天起，首先学会以任务为重的处事原则，而现在则可能要带上一批与任务无关甚至会彷碍他们顺利完成任务的人，这些训练精良的佣兵必须在天职和道德之间作出选择。子安还未来得及做出决定，新的危机迅速到来。
熊出没·狂野大陆,狗熊岭附近新开业了一个神奇的“狂野大陆”，在那里通过基因技术人可以自由变身各种动物，享受无比的自由和快乐。导游事业受挫的光头强和熊二组队，参加乐园里奖金丰厚的比赛，历尽艰险终于获得冠军之际，却意外发现狂野大陆中出现了肆意袭击他人的混合变身怪兽……
夜闯寡妇村,计划许久、期待已久的毕业旅行竟成了一场终生难忘的噩梦。自驾旅行的途中，突如其来的一场大雾彷如要围困众人的眼。失灵的发动机在暗夜里停止了前行，将众人逼入徒步的境地。踏入禁地绝非他们所愿，旅行变成致命浩劫也绝非他们所期。没有一个男人而全都是女人的村庄究竟埋藏了什么样的秘密？阴森可怖的氛围正在将一行人引向地狱的门，他们会怎么样？同伴失踪、好友背叛、落跑男孩&hel...
猛虎兵王,抗战胜利前夕，八路军侦查连长张志虎，率领一支代号为“猛虎”的特战敢死队，潜入平安县城配合守城的伪军部队反水起义，在历经生死悲壮的战斗后取得了胜利，成功解放平安县城！
兴安岭猎人传说,东北民间流传着关于“皇围猎人”的神秘传说，他们世代生存于深山，为帝王守护兴安岭这片龙兴之地的气脉运转。传闻猎人除了精通狩猎之法，更知晓驱鬼通神之术。在东北一处偏僻的山村里，悄然发生一起灭门惨案，在村民们的恳求下，最后一代皇围猎人刘二爷（尚铁龙饰）决定出山调查真相，不想过程中怪事屡现，老林子里的秘密也被渐渐揭开……
鲁班四杰之伏龙海眼,影片取材于广为流传的“北新桥锁龙井”传说，揭开千年古井下隐藏的诡异传说真相。传说明朝年间，高僧姚广孝携鲁班四杰将祸世妖龙封印于锁龙井。百年后，锁龙井下异象丛生时现龙吟，妖龙破印复仇之说渐起，井底浮现巨大地宫，贪心者迷恋龙宫宝藏前赴后继下井摸金，多死于非命。鲁班四杰后人再次集结，探秘锁龙井下真相，经历杀机重重的幻象迷阵、诡戾傀儡，险象环生后，幕后操纵之人终于现身……
空枕难眠,梅的丈夫终日忙于应酬，留下年轻美貌的她夜夜独守空房，独自打发时光。一次街头偶遇，梅邂逅了英俊潇洒的峰，两人一见钟情，但忌于传统礼教，梅克矜持地拒绝了峰的帮助。谁料峰却对她念念不忘，并展开了疯狂的追逐，他们是否可以克制住自己的愿望，等待他们的又将是如何的结果？
特工狂花,故事主要讲述东南亚最大的贩卖人口组织头目巴颂在自己的私人俱乐部设宴，宴请世界各地犯罪组织头目。雅美成功地潜入俱乐部执行任务，为了掩护同伴的离开，雅美独自一人引爆了炸弹，消失在火光中，为与未婚夫方立在一起制造了假死。三年后，方立被劫持，雅美只能被迫执行任务解救方立，经过重重难关最终救下了方立，并向相关部门递交了犯罪集团的犯罪记录和证据，巴颂的犯罪组织被一网打破。
九叔之夜行疯魔,故事发生在一个古镇，往日里平静的小镇突然惊现诡异事件！九叔白天经营一家药房，晚上给枉死之人送葬。小镇近来时常半夜出现惨叫，有人离奇死亡都有被撕咬痕迹疑是神秘生物所为。警队频繁接到报案但都一无所获。九叔觉得事情蹊跷，便自己暗中调查。之后又连续发生多起命案，发现死者的死法大径相同。九叔为钱老爷做法送葬。和徒弟们说万一处理不好会造成无法想象的后果。徒弟阿武和阿果晚上回去无意中偷看到师妹无双正在洗澡被师父九叔发现动静，他们俩急忙逃跑半路遇见一群“僵尸”。九叔闻风赶来。展开一场搏斗。九叔根据每次案发现场的一丝丝线索顺藤摸瓜找到了凶手的故事，原来比鬼神更可怕的是……
蛇王2021,杂志社编辑庞石嘉和同事深入神秘的无人丛林拍摄素材，遭遇毒蛇追击误闯地下蛇宫。侥幸逃脱的三人偶遇受伤老者，得闻嗜血蛇王与人类约定保护一方水土的传说。一行人决定离开丛林时被捕蛇人劫持，只好为他们指路去往蛇宫。捕蛇人设下陷阱杀害蛇王，蛇王震怒大开杀戒，庞石嘉一行以德报怨救下唯一幸存的捕蛇人。亲眼目睹兄弟被巨蛇吞食的捕蛇人后悔不已，决定与庞石嘉一行尽快出山，却被林中游走的盗猎者看到他们装有蛇王蜕下的天价蛇皮。盗猎者伺机而动，准备持枪胁迫庞石嘉一行带他们找到蛇王，生死危机近在眼前，而另一方面，蛇王率百蛇对人发起攻击，蛇口之下又有几人能顺利逃生？
一吻定情,笨蛋爱上天才，会有结果吗？平凡女孩原湘琴喜欢上了天才少年江直树，在她表白失败准备放弃之际，爸爸居然带着自己搬进了直树家里？！一个猛追，一个猛逃，热闹欢腾的纯真高中生活就此上演。朝夕相处中，直树渐渐被湘琴乐观的无畏精神吸引，他开始怀疑：湘琴究竟是人生偏差、还是自己的命中注定?
双面妖姬,秀坊做工的女孩春山在临近18岁时经历了数次妖怪袭击后偶遇了捉妖师沉玄，沉玄送给春山一个铃铛，每当遇到危机春山便摇动铃铛，几经危机，两人感情日渐深厚，直到春山18岁，她变成了一个半人半妖的“怪物”，夜晚会被妖性控制无意识杀人。原来落霞镇有一个祭祀的秘密，祭师为了平复河神每隔三年便杀掉活人封印血气到春山体内。沉玄几经波折找到了仪式的根源，拼死搏斗后为救春山献出生命变成渡桥，春山在两人约定之地苦苦等待….
唐人街探案3,“曼谷夺金杀人案”“纽约五行连环杀人案”后，“唐人街神探组合”唐仁，秦风被有着“日本第一名侦探”之称绰号“花蝴蝶”的“野田昊”请到东京，路遇“超强变身能力”的韩国侦探朴大基的阻拦，调查一桩离奇的谋杀案。
汪汪队立大功之超能…,神秘陨石坠落冒险湾，赋予了汪汪队强大的超能力！然而陨石的坠落竟是汉丁那市长的粗心实验引来的。汉丁那市长对自己的失败并不满意，于是和他的侄子设计困住了汪汪队的队长莱德，并偷走了陨石，企图控制整个城市。他们的野心却出现了差错，小狗们必须齐心协力，灵活运用新技能——毛毛的威力热力，小砾的超级力量，天天的乘风翼——超能全开，拯救世界！
人潮汹涌,讲述了冷血杀手周全和落魄龙套陈小萌，在一次意外中交换了彼此的身份，从而引出一系列阴差阳错的幽默故事。
反贪风暴4,廉政公署收到报案人廖雨萍（周秀娜饰）的实名举报，举报正在坐牢的富二代曹元元（林峯饰）涉嫌行贿监狱里的监督沈济全（谭耀文饰）以及惩教员，首席调查主任陆志廉（古天乐饰）决定深入虎穴，卧底狱中。在监狱里，被陆志廉送入监狱的前警司黄文彬（林家栋饰）以及曹元元两大帮派势成水火，陆志廉趁机接近曹元元取得信任。同时监狱外的廉政公署总调查主任程德明（郑嘉颖饰）、国内反贪局行动处处长洪亮（丁海峰饰）也陆港联手，通力合作，最终成功破获贪腐行贿大案。
唐人街探案3,继曼谷、纽约之后，东京再出大案。唐人街神探唐仁、秦风受侦探野田昊的邀请前往破案。“CRIMASTER世界侦探排行榜”中的侦探们闻讯后也齐聚东京，加入挑战，而排名第一Q的现身，让这个大案更加扑朔迷离，一场亚洲最强神探之间的较量即将爆笑展开……腾讯视频4月30日16点全网首播
阿凡达,故事发生在2154年，故事从地球开始，杰克·萨利是一个双腿瘫痪的前海军陆战队员，他觉得没有任何东西值得他去战斗，因此他对被派遣去潘多拉星球的采矿公司工作欣然接受。 这个星球上有一种别的地方都没有的矿物元素“Unobtanium”，能够吸引人类不远万里来到这里拓荒的原因就是“Unobtanium”将彻底改变人类的能源产业。但是问题是，资源丰富的潘多拉星球并不适合人类生活，这里的空气对人类致命，本土的动植物都是凶猛的掠食者，极度危险。这里的环境也造就了与人类不同的种族：10英尺高（约3米）的蓝色类人生物“。
三重威胁之跨国大营…,某东南亚小国，龙飞（陈虎饰）和帕于（托尼贾饰）为了谋生，参加了一项秘密的“人道主义救援”任务，没想到他们救下的却是臭名昭著的犯罪分子柯林斯（斯科特·阿金斯饰）俩人还差点为此送命。密谋报仇的二人在地下拳赛中碰到了武艺高强的扎卡（伊科·乌艾斯），扎卡的妻子在这次行动中无辜殒命，三人把酒言欢，没想到第二天扎卡就把他们送到了警察局。中国富商的女儿田小娴（卢靖姗饰）因做慈善触动了黑帮的利益而被追杀，仓皇逃入警察局，而这时黑帮尾随而至，血洗警局。龙飞和帕于只好带着田小娴踏上亡命之旅，两人赤手空拳，杀手如影随形，田小娴满腹疑虑，扎卡敌友莫辩，幕后黑手若隐若现。龙飞和帕于最终与敌人展开了殊死一战。
如果声音不记得,辛唐拥有通过声音给他人制造快乐的能力，但对同一人使用三次后，性命就会和此人绑定，只有对方开心，辛唐才能活命。偶然，辛唐救下准备自杀的同校网络红人吉择，两人借此绑定。吉择表面开朗，但实际患了抑郁症。辛唐最初为了活下去，费尽心思让吉择开心，而后续也真的投入深情。遗憾辛唐的秘密总会败露，而吉择暗黑的过往也在网络上被人揭开……愿爱情的温暖，能治愈抑郁的青春。
熊出没·原始时代,熊大熊二光头强意外穿越回恢宏的石器时代，在原始部落与猛犸象、剑齿虎等一众奇特生物开启了眼界大开的奇幻之旅！原始时代瑰丽非常却又危机四伏，熊强三人组与一只可爱狼女一路相伴，笑料百出。
白蛇:缘起,失忆少女小白被捕蛇人阿宣所救，为了解开自己的身份谜团，小白在阿宣的帮助下开始寻找线索。两人历经艰难险阻，年少男女在一路冒险中萌生爱慕之情。同时，小白的蛇妖身份也逐渐揭开，一场围绕人与妖的纠葛爱情故事随之展开。
功夫,1940年代的上海，自小受尽欺辱的街头混混阿星（周星驰）为了能出人头地，可谓窥见机会的缝隙就往里钻，今次他盯上行动日益猖獗的黑道势力“斧头帮”，想借之大名成就大业。阿星假冒“斧头帮”成员试图在一个叫“猪笼城寨”的地方对居民敲诈，不想引来真的“斧头帮”与“猪笼城寨”居民的恩怨。“猪笼城寨”原是藏龙卧虎之处，居民中有许多身怀绝技者（元华、梁小龙等），他们隐藏于此本是为远离江湖恩怨，不想麻烦自动上身，躲都躲不及。而在观战正邪两派的斗争中，阿星逐渐领悟功夫的真谛。
老潘的归途,罹患肺癌，已至晚期的潘家富在旅行途中认识叛逆的大四女孩小米，二人共同踏上从牡丹江南下临沂的旅程。在旅行中，小米逐渐被阅历丰富的潘家富所影响，体会到了家庭的温暖，与母亲和解；潘家富也被古灵精怪的小米所感染，完成了与旧友言归于好，弥补妻子的心愿以及回到老家临沂解开自己一生最大的心结等愿望。潘家富目睹家乡旧貌换新颜，不再是“荒芜的农村、留守的农村、记忆中的故园“，潘家富终觉此生无憾......
冰雪勇士3,德国的战争机器在撤退。两名美国M 18坦克歼击车被送到铲除纳粹难改组中的哈尔茨山躲藏。
雨夜惊魂,本是一次叫人欢心雀跃的生日会，却成了一场惊悚可怖的雨夜逃生记。有着“阴阳眼”的扣子为摆脱小女鬼的纠缠而误伤了生日的男友，扬长而去。本以为能够顺利逃离魔掌的扣子却被突来起来的一场暴雨困在即将被雨水淹没的桥洞里。不断上升的水位，渗入车内的水，以及锁死的车门，都叫扣子心急如焚。拨通的电话，却无法诉说自己身在何处的扣子已然走在绝望的边缘。死亡...
战疫时期的爱情,整个作品以“疫情中的爱”为构思设计出发点进行主题设计，采用多线叙事结构，以七对男女的故事交错呈现，展现疫情期间人们守望相助的动人情感。故事中，有绝望的患者、驰援的志愿者、一线的医护，还有平凡的外地居民，他们是这场疫情中每一个中国人的缩影。这些故事中所呈现的爱的力量，体现了本作品的创作初衷与现实落点。
致命狙杀,传奇狙击手左英杰一战成名屡立奇功，却遭人构陷含冤入狱。狱中的他意外接到来自冷艳女特工沈雪的绝密任务——刺杀日本细菌战专家北野清张。左英杰临危受命，不料却被叛徒出卖，遭遇战场宿敌日军王牌狙击手下川国正伏击，身陷险境，一场惊天阴谋逐渐浮出水面。国恨家仇、狭路相逢，巅峰对决一触即发……
死亡飞车1,2012年，美国经济状况恶化，犯罪率剧增，已逐步私人化的监狱为谋取暴利不择手段，于是“死亡飞车”比赛应运而生。昔日优秀的赛车手弗兰克（Jason Statham 饰）在工厂里参与了一场工人抗议，结果当天夜里，有人潜入他的家中，杀害了他的妻子，弗兰克却被当做凶手蒙冤入狱。监狱长、死亡飞车比赛的组织者轩尼诗（Joan Allen 饰）要求弗兰克顶替身死的蒙面赛车手科学怪人，并允诺只要弗兰克以科学怪人的身份再赢一场，他即可获得自由。弗兰克与领航员凯丝（Natalie Martinez 饰）进入了这场驾驶改装车并随时会遭遇死亡的疯狂游戏，怎奈他心不在焉的状况下出师不利，弗兰克面临轩尼诗的威胁与陷害，不得不放手一搏……
僵尸皇帝,一群盗墓贼夜半撬开武宗的坟墓，偷走了镇魂珠。失去镇魂珠，武宗朱厚照变为僵尸从坟墓里爬出。武宗生前好色，死后更是变本加厉，然而夜色之中，一名新婚丧夫的寡妇正为夫君烧纸，武宗色心大发，缓缓接近……
横行霸道,沈越、付晓菲、王佳男、大笑四个在现实生活中各自遇到不同困境和心结的女孩子，为了实现每个人的目的和梦想，她们共同参与一场惊险刺激的大型游戏竞赛“逃出生天”而使四人聚到一起。起初四个女孩儿彼此陌生，从一开始跳伞阶段就意见不统一，导致落地便分道扬镳。中途因为王佳男、大笑、付晓菲三人被敌人所擒，之前脱队的沈越挺身而出疾速营救，使得四个女孩的感情得到了升华。在接下来的比赛过程中，四个女孩经历了抢空投、车战以及狙击战，使得四个女孩逐渐团结起来，最终打开了彼此每个人的心结，携手击败了最强大的劲敌——国服排行榜榜首冠军张英勋。集中体现出了四个女孩每个人的成长以及真正经得起考验的友谊是通过齐心协作来收获的。
黄飞鸿之英雄有梦,这是黄飞鸿年轻的故事，他注定成为时代的宗师，在武侠世界中一个永恒的传奇。1868年的清末，朝廷腐败让人民生活备受煎熬。在广州，黑虎帮和北海帮子两大恶势力横行于黄埔港。他们以暴力威胁统治在港口的穷苦人民，让他们生活在水深火热之中。外界在看来，黄埔港是个繁荣并充满机会地方，但深入其中，会发现这里其实是人间炼狱。黑虎帮的老板雷公（洪金宝 饰）因一个新兵手下阿飞（彭于晏 饰），以过人身手及胆识直取北海帮子首领的头脑，而让黑虎帮独霸一方，不但靠鸦片赚进大笔银两，更进行着卑鄙的贩卖人口勾当，雷公更视阿飞如己出。其实，阿飞背后另有故事，心中更另有计划。他和肝胆相照的朋友们设了陷阱，救出穷苦的人们，更公开与雷公进行生死决斗。黄埔港终于恢复了和平，也诞生了真正的英雄，这是黄飞鸿故事的开始……
长白·太岁,医女白素馨和蛇仙柳龙庭即将大婚之际，柳龙庭却意外发现新娘不是白素馨，而是他五百年前的恋人夏紫苏。原来夏紫苏患病险些身亡，后被高人所救，多年来一直潜心修行。得知柳龙庭大婚，不甘心的夏紫苏便大闹婚宴，甚至不惜用龙庭姐姐的性命要挟。素馨坚定地与龙庭携手并肩对抗紫苏，最终解开重重误会，渡过难关，有情人终成眷属。
黄飞鸿之武神林世荣,清朝末年，林世荣来到广州，成为一名屠夫，外号“猪肉荣”。一次，林世荣因抗拒阿太前来猪肉摊收保护费，与阿太成了不打不相识的朋友，并得知阿太正在悄悄拉帮结派，为的是对付几个明里开武馆、暗里收集情报的日本人。林世荣与阿太联手，经一番恶战，终将日本人的阴谋粉粹，阿太为此牺牲，林世荣决定拜黄飞鸿为师，练好功夫，为保护百姓出力。
特种保镖2,《特种保镖2》以丛林中无人区的兵工厂为故事展开的据点，讲述了佣兵小队因任务要求前往荒无人烟、危险重重的工厂，竟遭遇刀枪不入的“不死军队”的包围，全员陷入危机仍浴血奋战的故事...
战狼,痞性十足的冷锋（吴京 饰）屡屡惹祸，有人说他是流氓，是痞子， 也有人说他是英雄，是传奇，一次行动中冷锋违抗军令打死了恐怖分子，要被开除出队，却意外得到了神秘部队战狼的接纳，但本想换个地方继续惹祸的他却跳进了另外一个深渊，冷傲的战狼副队长，擦出暧昧火花的性感女队长，心计颇 深腹黑的毒枭，枉死的队友，雇佣兵跨过边境线入侵中国……一切都使他陷入了麻烦中。一切都在考验这个团队的毒瘤冷锋，他又该何去何从？
速度与激情8,多米尼克（范·迪塞尔 Vin Diesel 饰）与莱蒂（米歇尔·罗德里格兹 Michelle Rodriguez 饰）共度蜜月，布莱恩与米娅退出了赛车界，这支曾环游世界的顶级飞车家族队伍的生活正渐趋平淡。然而，一位神秘女子Cipher（查理兹·塞隆 Charlize T heron 饰）的出现，令整个队伍卷入信任与背叛的危机，面临前所未有的考验。
危情追踪,大飞与黑豹都在洪爷主持的犯罪集团里工作，警方派卧底阿星搜集集团的犯罪证据，可惜被大飞识破了，星取得机密磁碟后，交给女友阿ANN，并叮嘱她马上离开香港，她返到吉隆坡后才知道阿星已被杀害。大飞一直与洪爷养子阿豪争宠，故指阿豪与差婆杨琳来往，阿豪只好承诺不管用任何手段，都会找回磁碟。阿豪估计磁碟落在阿ANN手中，所以到大马找阿ANN，而此时香港警方对阿星被杀一案，也非常关注……
印度暴徒,故事的背景是在1795年东印度公司殖民统治印度期间，殖民统治者想要抓住反抗组织”阿扎德“的领袖（阿米特巴·巴强饰演）于是找来了混混弗朗基（阿米尔·汗饰演）充当间谍，但弗朗基在潜伏过程中却有了另外的想法，一段充满了意料之外的动作冒险故事由此展开
夏洛特烦恼,"由开心麻花领衔主演的爆笑喜剧电影《夏洛特烦恼》，昔日校花秋雅（王智 饰）的婚礼正在隆重举行，学生时代暗恋秋雅的夏洛（沈腾 饰）看着周围事业成功的老同学，心中泛起酸味，借着七分醉意大闹婚礼现场，甚至惹得妻子马冬梅（马丽 饰）现场发飙，而他发泄过后却在马桶上睡着了。梦里他重回校园，追求到他心爱的女孩、让失望的母亲重展笑颜、甚至成为无所不能的流行乐坛巨星…… 
　　醉生梦死中，他发现身边人都在利用自己，只有马冬梅是最值得珍惜的……"
蜂鸟特攻,一年前，作为特种部队一员的约瑟夫·史密斯中士（杰森·斯坦森 Jason Statham 饰）在阿富汗战场经历了常人难以想象的血雨腥风。因某起事件他被军事法庭指控，并被诊断患有攻击压力症。之后约瑟夫从医院逃出，混迹在流浪汉中间艰苦求生。他化名乔伊，与名叫伊莎贝尔（维多利亚·贝维克 Victoria Bewick 饰）的女孩结伴。在一次被歹徒袭击之后，慌不择路的乔伊意外闯入一幢无人房间，适逢主人赴美公干，他放心享用主人的一切物品。饱受精神困扰的他，似乎只能从善良的修女克里斯蒂娜（阿嘉塔·布泽克 Agata Buzek 饰）那里得到些许帮助。偶然机会，乔伊涉足中国黑道，在刀头舔血赚取营生的同时，他意外听到关于伊莎贝尔的消息……
刺杀小说家,关宁（雷佳音 饰）为了寻找失踪女儿的下落，接受了屠灵（杨幂 饰）委派的任务——刺杀小说家（董子健 饰）。未曾想到的是，小说家笔下的世界，正在影响着现实世界中众人的命运。奇幻与现实的故事交错展开，又紧紧连在一起……
武林怪兽,"明朝万历年间，东厂督主孙玉鹤奉命捉拿宫中逃走的怪兽；同时，义军少侠甄剑和师妹熊娇娇、侠女冷冰冰合谋聚集一帮绿林好汉，欲劫取官银。官银不翼而飞，却迎来了朝廷钦犯封四海、江湖浪子武柏,更大的危机在于，怪兽就在附近窥视着这一切"
极度兽性,吴家丽饰演的丽与彭丹饰演的丹，情同姊妹，两个友情很好，互相照顾有加，后来吴家丽见业事上被彭丹饰演的角色取代，于是很看不开，而到国外购买高科技蛇血清养颜方法。但吴家丽体内血清变种令她四出杀人，林保怡饰演的警察追查凶案，后来就觉得吴家丽和彭丹可疑，林保怡还慢慢对吴家丽产生了感情，，吴家丽设局令彭丹含冤吞枪自杀，林保怡最后发现吴家丽为凶手的时候，但吴家丽已变成一个耆老年纪老人，惨不忍睹，观众看得也很心痛，其实这部电影还是比较有感触的。
末日逃生,两颗彗星正在朝地球运动，人类即将在24 小时内面临毁灭性撞击，然而政府封锁了内部消息，在格陵兰建造了堡垒，只允许部分人类进入。建筑工程师 John 获得了进入堡垒的机会，带着一家三口踏上了去往格陵兰的末日逃生路。然而，在逃亡的过程中，军队得知自己已经被政府抛弃，开始失去控制，劫持了去往格陵兰的飞机，John 的妻子与儿子也因此失散。John 只能去约定好的地方等待妻子与儿子，期望会合后一并开车前往目的地格陵兰。这一路惊心动魄，历经重重困难，他们一家人最终是否可以会合，安全抵达格陵兰……
哪吒之魔童降世,天地灵气孕育出一颗能量巨大的混元珠，元始天尊将混元珠提炼成灵珠和魔丸，灵珠投胎为人，助周伐纣时可堪大用；而魔丸则会诞出魔王，为祸人间。元始天尊启动了天劫咒语，3年后天雷将会降临，摧毁魔丸。太乙受命将灵珠托生于陈塘关李靖家的儿子哪吒身上。然而阴差阳错，灵珠和魔丸竟然被掉包。本应是灵珠英雄的哪吒却成了混世大魔王，这调皮捣蛋顽劣不堪的哪吒却徒有一颗做英雄的心。然而面对众人对哪吒的误解和即将来临的天雷的降临，哪吒是否命中注定会立地成魔，他将何去何从。
让我过过瘾,生活憋屈的李乔不仅在家常被妻子打骂，在单位没身份的他本想在同学会上装相，也被同事无情拆穿。内忧外患的李乔走投无路时，却突然中了一张三千万的彩票。为了抛弃过去，独享横财。李乔决定装作失忆，以此与媳妇离婚。可李乔不仅离婚计划不顺利，闹出了许多啼笑皆非的乌龙。而且得知自己“失忆”的妻子一反常态地对自己体贴，这更让李乔犹豫不决……
风声,"1942年10月10日，汪伪政权举行了盛大的国民政府庆典。然而，一系列的军政要员遇刺事件，让身为特务处长王田香（王志文 饰）如坐针毡。在对女刺客（刘威葳 饰）的酷刑审问中，他获得了一条关键的情报——代号为老鬼的地下党已经混入了剿匪司令部。立功心切的王田香立刻向日本皇军特务机关长武田（黄晓明 饰）做了汇报。二人随即在裘庄布下了一个圈套，意图通过放出假消息逼老鬼现身。
在被怀疑的对象中，有司令的侍从官白小年（苏有朋 饰）、军机处长金生火（英达 饰）、剿匪大队长吴志国（张涵予 饰）、译电组组长李宁玉（李冰冰 饰）以及行政收发专员顾晓梦（周迅 饰）。在怀疑与排查中，武田与王田香不择手段软硬兼施，然而事情的发展却出乎意料……"
记忆大师,故事发生在2025年，因为和妻子张代晨婚姻破裂，男主角江丰走进记忆大师医疗中心接受手术，却不料手术失误记忆被错误重载，他莫名其妙变成了“杀人凶手”。警官沈汉强的穷追不舍让他逐渐发现，自己脑内的错误记忆不仅是破案的关键，更是救赎自己的唯一希望。与此同时，妻子身边出现的女人陈姗姗、记忆中浮现出的神秘女子，似乎也和真相有着千丝万缕的联系，一场记忆烧脑战也随之开始。
唐人街探案,天赋异禀的结巴少年秦风（刘昊然 饰）警校落榜，被姥姥遣送泰国找远房表舅——号称“唐人街第一神探”，实则猥琐的大叔唐仁（王宝强 饰）散心。不想一夜花天酒地后，唐仁沦为离奇凶案嫌疑人，不得不和秦风亡命天涯……穷追不舍的警探黄兰登（陈赫 饰）、无敌幸运的警察坤泰（肖央 饰）、穷凶极恶的匪帮三人组、高深莫测的唐人街教父、美艳风骚的老板娘阿香（佟丽娅 饰）等悉数登场！七天！唐仁、秦风必须取长补短、同仇敌忾！他们能否躲避警察追捕、匪帮追杀、黑帮围剿，在短短七天内，完成找到失落的黄金并查明真凶，为自己洗清罪名这些逆天的任务？
青木川传奇,
狼群行动,"医疗志愿者李瑶在某国艾都力的某个村落给当地村民提供医疗帮助，突遭绑匪袭击成为俘虏，其父亲得知消息联系张震、吴优其安保小队前往，成功救出李瑶后因仍有同胞被困,返回并夺取交通工具去往高地寻求救援信号，安保队员与绑匪之间展开了一场轰烈的追逐，张震、雷霆、武鸣相继牺牲后，吴优护着李瑶和幸存者终于等到了救援...."
心里有数,阿欢从小就有一个很“废”的超能力：挨一耳光就能看见他和别人剩下的见面次数。一次意外让他深信，一旦突破了次数的限制就会带来厄运。从此阿欢得过且过，游戏人间。而青梅竹马的晓彤和阿欢的见面次数高达一万多，他本以为注定是一生的伴侣，所以毫不珍惜。直到有一天，阿欢发现自己和晓彤的见面次数只剩下几次，好哥们阿伟也要离他而去。他意识到自己必须做出改变。阿欢能否打破命运的魔咒呢？
飞虎队,抗日战争时期，山东鲁南枣庄附近的铁路和煤矿工人在中国共产党的领导下，群组织成一支短小精悍的铁道游击队配合八路军主力部队，在临枣铁路沿线对日寇展开了英勇悲壮，可歌可泣的武装斗争……
神探蒲松龄,一代文豪蒲松龄（成龙饰）执阴阳判化身神探，与捕快严飞（林柏宏饰）联手追踪金华镇少女失踪案。蒲松龄带领“猪狮虎”“屁屁”“忘忧”“千手”等一众小妖深入案情，在找寻真相的过程中，牵扯出一段旷世奇恋。
一眉道人,一眉道人（林正英 饰）修为高强，擅长茅山道术，和徒弟阿豪（钱小豪 饰）住在一个小镇上；他养了一只清朝的小僵尸，小僵尸经常帮他和阿豪办事。一天，一眉道人被邻镇的人邀请去捉鬼，因为邻镇瘟疫蔓延，不时有僵尸出没。一眉道人带上阿豪和小僵尸出发了。在邻镇一眉道人他们遇上了一群修女，阿豪弄出不少笑话。一眉道人发现邻镇的引用水源都被尸毒污染，不能饮用，于是和阿豪一起寻找水源。他在教堂的地下室发现了僵尸的痕迹，原来此处本来放着一具西洋僵尸，邻镇乡公所的所长意外令西洋僵尸复活了。一场精彩的中国法术对付西洋僵尸的好戏上演了。
浴血反击,"本片以八路军120师和暂一师36团收复晋西北为背景,讲述了从灵台大地上走出的抗日英雄高永祥,带领英勇的八路军战士浴血奋战、抗击日寇、收复晋西北、最终壮烈牺牲的感人故事……"
超市夜未眠,Ben Willis（肖恩·比格斯代夫饰）是在艺术学院就读的学生，他被女朋友Suzy甩了之后，开始变得失眠。为了消磨晚上漫长的时间，他决定到当地的一家超市上晚班。在那里，他遇见了形形色色的人物。在枯燥乏味的夜班工作时间里，他施展自己极端丰富的想象力，把同事和顾客全都幻想成自己脑海中编织的故事的角色。他幻想时间“暂时停顿”，能够冻结世界的艺术之美，以便仔细和从容地欣赏世间和人物的美。他对不太爱说话的女收银员Sharon Pintey（艾米丽雅·福克斯饰）的美貌特别敏感，似乎在这个女孩的身上能够找到解决Ben失眠的办法。本片根据肖恩·埃利斯2004年在12个国际电影节中获得最佳短片奖的18分钟同名短片改编而来。
下一任:前任,林心恬的爱情路一直不顺，总是不能在对的时间遇到对的人。正当她心灰意冷时，缘份使她邂逅了多情暖男吾川，吾川对心恬展开狂热追求，最终心恬被打动。然而意料之外的是，心恬自学生时期就暗恋的学霸男神黄克群又出现了。是该选择近在眼前的幸福，还是多年前梦寐以求的白马王子？当心恬做出决定后才发现，原来爱情在冥冥中早已注定！
复仇者联盟,一股突如其来的强大邪恶势力对地球造成致命威胁，没有任何一个超级英雄能够单独抵挡。神盾局也措手不及，其指挥官“独眼侠”尼克·福瑞意识到他必须创建一个“史上最强”的组织，云集各方超级英雄共同战斗，才能拯救世界于水深火热，抵御黑暗势力的侵袭。于是“复仇者联盟”应运而生。
梦回玛丽莲,法国气质清新女星苏菲·奎茵顿摇身一变成为酷似梦露的金发尤物，完美诠释集天真、性感、脆弱、温柔于一身的女主角，富有层次的演技获得一致好评。 　　　罗素是畅销犯罪小说作家，但最近有了严重的写作瓶颈。为了领取远房亲戚留给他的遗物，他造访位于法国与瑞士交界的偏远山区，在冰天雪地的小镇里却碰上了一起轰动当地的谋杀案。　　死者是小镇上名气响当当的美人坎蒂丝，当地警方却直接跳过调查程序，以自杀草草结案，但罗素深信事有蹊跷。
烈日灼心,《烈日灼心》是由导演兼编剧曹保平历经3年打造的犯罪悬疑电影，由邓超、段奕宏、郭涛、王珞丹、高虎主演，影片由蓝色星空影业、博纳影业出品，剧本根据厦门女作家须一瓜的长篇小说《太阳黑子》改编。三个结拜兄弟共同抚养着一个孤女，多年来一直潜藏在城市的角落。 一名出租车司机，帮助无数人却从来不接受记者采访；一名协警，除暴安良，却从没想过升迁入职；一名渔夫，每天照料着孤儿的生活……看似风平浪静，实则内心暗涌，直到种种巧合之下， 警察伊谷春以及他的妹妹伊谷夏与他们的生活发生了神秘交织。他们的命运就此改变，曾轰动一时的惊天大案浮出水面，法网和人情究竟谁更无情？
帕克,自诩行侠仗义、绝不伤害人命的劫匪帕克带领同伙洗劫俄亥俄一座游乐场，谁知最后关头却遭背叛，身受重伤，命悬一线。死里逃生的帕克迅速从医院逃出，他有条不紊搞来现金，准备假证件。为了讨回自己应得的那份钱，他查到同伙梅兰德等人的消息，一路尾随前来。与此同时，有着芝加哥黑手党背景的梅兰德等人察觉到帕克的行踪和动机，也唆使杀手追杀这个难缠的对手。围绕着这笔不义之财，交织着人性欲望的杀戮随即展开……
最好的我们,每个人的心里大概都藏着一个念念不忘的人。一个偶然被提及的名字，让女摄影师耿耿内心掀起万千波澜，触动了回忆的开关，那个撩人心动的少年余淮再度闯进她的思绪。 那是记忆里最好的时光，“学渣”耿耿和“学霸”余淮成了同桌，还结识了简单、贝塔、徐延亮。校园里充盈着专属少男少女们的懵懂、青涩、怦然心动和勇敢，耿耿余淮也拥有了他们的约定。高考后，当耿耿满怀期待憧憬约定兑现之时，余淮却忽然消失不见了。七年后两人重逢，余淮当年未说出口的那句话、他不辞而别的秘密，耿耿能否得到解答？这段耿耿于怀的过往，让两人再度面临情感的抉择…… 本片根据八月长安同名小说作品改编。
婚姻痒了（微电影）,一个怀才不遇的编剧，一个疲于奔命的模特，一场为爱领证的裸婚；激情褪去的婚姻遭遇现实的诱惑，围城中的我们将何去何从？昨夜枕边的人，明天会在哪里？现实类都市伦理微电影《婚姻痒了》，敬请关注！
毒战,"刚刚结束一次危险任务的津海市缉毒大队队长张雷（孙红雷 饰），在医院意外见到因车祸入院治疗的香港人蔡添明（古天乐 饰），身经百战的张队迅速判定蔡与毒品勾当有关。通过对蔡的审讯得知，有一车来自粤江的冰毒当天抵达津海，即将和当地的贩毒分子哈哈哥交易，而蔡正是双方联络的中间人。为保住性命，蔡添明积极配合，协助张队伪装成粤江赫赫有名的大毒枭黎振标的侄子与哈哈碰头。随后缉毒大队一路南下，途经蔡在鄂州的毒品加工厂，并最终抵达粤江与黎振标交易。周旋在狡猾凶狠的犯罪分子中间，任是经验丰富的张队也必须步步为营，小心应对。
经过一番凶险的试探，双方终于迎来交易的最后时刻，但此时这盘杀机四伏的棋局也全然失去了控制……"
僵尸来袭2,僵尸被封印的五个月后，丁行和刘梅交往顺利，准备举办婚礼，唐顺在极不情愿的情况下和吴明、王萍一起前往参加丁行、刘梅的婚礼。而在另一边，神秘人物出现并闯入古墓，破坏封印并降服僵尸。吴明察觉到封印被破坏，为了保护小镇居民的安全，决定再次出山降妖伏魔。   唐顺、吴明、王萍前往古墓调查，在墓中唐顺在角落发现好友高鹏的一条随身项链。误以为好友高鹏盗墓时，意外放出僵尸后被僵尸害死。但是唐顺没有告诉其他人这个线索，而是偷偷收好项链，暗暗发誓要抓到僵尸给高鹏报仇。
误杀,李维杰与妻子阿玉来泰打拼17年，膝下育有两个女儿，年届四十的他靠开设网络公司为生，为人也颇得小镇居民的好感，而这一切美好却被突如其来的不速之客打破。这个充斥走私，贩毒活动的边陲小镇，各种权力交织碾压公平正义。李维杰的大女儿被督察长的儿子强暴，因反抗误杀对方。李维杰曾亲眼 目睹督察长滥用私刑，深知法律无用，为了维护女儿，捍卫家人，李维杰埋尸掩盖一切证据，在时间与空间的交错缝隙中，与警方在身心层面，展开了殊死一搏的较量。
疯狂动物城（国语版…,疯狂动物城是一座独一无二的现代动物都市。每种动物在这里都有自己的居所，比如富丽堂皇的撒哈拉广场，或者常年严寒的冰川镇。它就像一座大熔炉，动物们在这里和平共处——无论是大象还是小老鼠，只要你努力，都能在此闯出一番名堂。不过乐观的警官兔朱迪（金妮弗·古德温 Ginnifer Goodwin 配音）却发现，作为史上第一任兔子警官，要和一群强硬的大块头动物警察合作可不是件容易事。为了证明自己，她决心侦破一桩神秘案件；追寻真相的路上她被迫与口若悬河、谎技高超的狐尼克（杰森·贝特曼 Jason Bateman 配音）联手，却发现这桩案件背后隐藏着一个意欲颠覆动物城的巨大阴谋……
敦刻尔克行动,敦克尔克大撤退期间，一支军事小队奉命执行秘密任务，深入敌营拯救一位握有能够扭转战争局势情报的科学家。在腹背受敌、孤立无援的局面下，他们必须想办法在纳粹占领区杀出一条血路，完成这个不可能的任务……
浴血无名川,影片讲述了抗美援朝战争时期，我国志愿军三排排长孟大关（任天野饰）临危受命，带领小队前去解救被困敌后的侦察排，经历了一系列艰难险阻，三排与“杜神枪”杜川（李东学饰）带领的侦察排成功汇合。为了避免大部队更大伤亡，孟大关与杜川在危急关头果断决定困死无法补充供给的敌方重炮营，一次次小规模战斗在这个无名水川暗暗展开……
唐人街探案2,秦风（刘昊然饰）接到唐仁（王宝强饰）的邀请来纽约参加其与阿香的婚礼。豪气逼人的唐仁迎接秦风，极尽招摇，岂料婚礼其实是唐仁为巨额奖金而参加的“世界名侦探大赛”，比赛的内容是寻找“唐人街教父”七叔的孙子。受骗的秦风怒极欲走，却被 FBI 探员陈英送来的讯息所吸。
恐龙世界,宏宇公司最新公测的VR游戏《恐龙世界》引来众多参与者，游戏和现实世界通过头盔相连，最终的幸存者可以获得500万的奖金，为争夺这份奖励，参与者不光要面对随时而来的恐龙的袭击，还要警惕其他玩家。很快，游戏里的三个老手迅速集结，靠着拼杀掠夺来的物资随意终结他人性命，连小孩也不放过，退役军人张琳集结其他两位，走上复仇之路。
大鱼海棠,"故事发生在一个宁静的夜晚，在西南边陲某个地区，圆形土楼迎来了暴雨之夜。身着传统服装的年轻女子打着雨伞冲出土楼，在廊桥处放了一盆花后继续前行。白发少年坐在窗口大快朵颐，他看到女孩越跑越近，于是故意将一个花盆碰了下去。花盆在女孩的背后摔得粉碎，她只稍稍停下看了看，也不顾少年的搭讪，继续向前方跑去。少年感到好奇，于是也穿戴蓑衣斗笠跟了过去。不久女孩来到云海缭绕的山顶，几声铃响过后，云海另一头驶来神秘的孤舟。女孩乘上船，驶向了远方…… 
本片荣获第十四届韩国首尔国际动漫节最佳技术奖。"
昆仑神宫,该片讲述的是摸金校尉胡八一、Shirley杨、王胖子为解开雮尘珠的秘密，与想要找到“水晶尸”的香港古董商人明叔一行人组成探险队，共同前往古格王国的遗址、喀拉米尔的龙顶冰川寻找古格银眼、冰晶尸骨，却意外遭遇神秘巨兽大白猿以及白狼王等危机，几经波折最终脱离险境的冒险故事。
复仇者联盟4:终局之…,一声响指，宇宙间半数生命灰飞烟灭。几近绝望的复仇者们在惊奇队长的帮助下找到灭霸归隐之处，却得知六颗无限宝石均被销毁，希望彻底破灭。如是过了五年，迷失在量子领域的蚁人意外回到现实世界，他的出现为幸存的复仇者们点燃了希望。与美国队长冰释前嫌的托尼找到了穿越时空的方法，星散各地的超级英雄再度集结，他们分别穿越不同的时代去搜集无限宝石。而在这一过程中，平行宇宙的灭霸察觉了他们的计划。
阿甘正传,"阿甘（汤姆·汉克斯 饰）于二战结束后不久出生在美国南方阿拉巴马州一个闭塞的小镇，他先天弱智，智商只有75，然而他的妈妈是一个性格坚强的女性，她常常鼓励阿甘“傻人有傻福”，要他自强不息。
阿甘像普通孩子一样上学，并且认识了一生的朋友和至爱珍妮（罗宾·莱特·潘 饰），在珍妮和妈妈的爱护下，阿甘凭着上帝赐予的“飞毛腿”开始了一生不停的奔跑。
阿甘成为橄榄球巨星、越战英雄、乒乓球外交使者、亿万富翁，但是，他始终忘不了珍妮，几次匆匆的相聚和离别，更是加深了阿甘的思念。
有一天，阿甘收到珍妮的信，他们终于又要见面……"
苦妓追忆录,九十岁的老记者（Marco Antonio Trevi&#241;o 饰）要迎来自己的寿辰，于是致电老朋友——妓院老鸨罗萨（Geraldine Chaplin 饰），要求她为自己找一个处女过夜。一位年轻的女工（Alejandra Barros 饰从此进入老人的生活，白天，她在工厂缝扣子，晚上，她穿过半个城市来到妓院，裸露睡下供老人把玩，在他面前始终昏迷不醒。老人把她叫作德尔加蒂娜，慢慢发觉自己爱上了她，在沉睡的她面前，他回忆起自己一生的所有风流荒唐，家里的洗衣妇，订过婚又被他抛弃的女孩，夜夜笙歌的妓院美景……他越来越发觉自己已经离不开德尔加蒂娜，而她在他睡着后也会偷偷观察他的一切，对他颇有好感，但是一场意外发生的凶杀案令妓院被迫关闭，德尔加蒂娜就此不见，老人开始发疯寻找。
倚天屠龙记之魔教教…,张翠山和他妻子殷素素、儿子张无忌从孤岛回来为他师父祝百岁大寿，途中无忌被玄冥神掌所伤。张无忌与小昭掉下悬崖，巧遇火头陀学会九阳神功摆脱了寒毒。张无忌和小昭决定去光明顶，帮助外公白眉鹰王。蒙古郡主赵敏暗算明教，张无忌找赵敏要解药，赵敏要张无忌答应三件事。白眉鹰王等人到少林寺要为明教讨回公道，张无忌用乾坤大挪移心法救出张三丰。赵敏临走时告诉张无忌，要救六大派，到大都找她。
我和我的家乡,电影《我和我的家乡》定档2020年国庆，延续《我和我的祖国》集体创作的张一白担任总策划，宁浩、徐峥、陈思诚、闫非和彭大魔、邓超和俞白眉分别执导五个故事。
地质灾难,洛杉矶的一个家庭在历史上最大的灾难的汇合中分开了：一个超级火山、一次特大地震和一次大规模龙卷风。当世界经受住这场几乎世界末日的事件时，我们的英雄们必须坚持自己的技能和智慧来团结和生存下去。
赌侠1,"赌神击败赌魔后,收刀仔为徒,将毕生绝技授予他。一年后,刀仔重出江湖,以赌技赢来的巨款尽捐作慈善用途..,故被尊为&quot;赌侠&quot;。 赌圣知自己特异功能赢来之钱,不应供私人享用,欲拜赌神为师,…"
心花路放,二手音响商耿浩婚姻失败，他想用锤子爆小三的头，却迟迟没有勇气，幸亏在剧组做制片的兄弟郝义及时发现自暴自弃的耿浩，他决定带着耿浩开启一段“治愈之旅”。于是一对好基友带着一只狗上路，邂逅三千公里的“桃花”。“阿凡达女郎”、“杀马特”周丽娟、“白富美”，各式各样的女人接连登场，耿浩一路艳遇一路疗伤。时光倒转，5年前的此时，大龄文艺女青年因为听了一首流浪歌手耿浩的歌，毅然前往大理……在经历一连串奇葩遭遇之后，大家都放下了心里的“阴影”，找到了通向幸福的道路。
姜子牙,动画电影《姜子牙》的故事发生于封神大战之后。昆仑弟子姜子牙，率领众神战胜狐妖，推翻了残暴的商王朝，赢得封神大战的胜利，即将受封为众神之长。在巅峰时刻，他却因一时之过被贬下凡间。失去神力，被世人唾弃。为重回昆仑，姜子牙踏上旅途。在战后的废墟之上，他重新找到了自我，也发现了当年一切的真相。
大梦聊斋,降妖术士王子服和唐闻委托干铁锤打造“伏魔神兵”，谁知干铁锤爱慕王子服不得却意外身亡，灵魄阴差阳错进入狐妖婴宁体内。王子服和唐闻在追查干铁锤下落的过程中，发现婴宁的秘密，开启了一场奇幻之恋……
屠魔战士,"疯狂的科学家弗兰肯斯坦（Aden Young 饰）用不同的尸体部分创造了科学怪人亚当（艾伦·艾克哈特 Aaron Eckhart 饰），可却失去了对方的信任。亚当在埋葬了弗兰肯斯坦后，遭到可怕的恶魔们的袭击。关键时刻，他被一群神秘战士救下，对方是鲜为人知的夜行神龙族，长久以来一直和可怕的炼狱恶魔作战。在女王莲诺尔（米兰达·奥图 Miranda Otto 饰）的请求下，曾经憎恨人类的亚当加入了剿灭恶魔的战团。此后两百多年，他在世界各地流浪，只为先下手为强，除掉恶魔的头目纳贝流士王子（比尔·奈伊 Bill Nighy 饰）。 
天使和恶魔的全面战争拉开序幕，亚当骑着举足轻重的作用……"
迷色,一个男性沙文主义者把自己的才能花在控制女人的技巧上，只有他的一个学生发现他的真面目。
明城攻略之镇河妖,为造福百姓，明朝巨富沈富出钱修建城墙。却不料，在修建过程中河妖横行摧毁了修建中的城墙，一时间百姓人心惶惶。为安抚民心，皇帝下令让沈富献出传家宝聚宝盆来镇压邪祟，并限期三天，命沈富和工部左侍郎李翰阳修复城墙。河妖依旧四处行凶，沈富与同伴一同调查下才发现此事另有隐情。这背后究竟隐藏着怎样的惊天秘密？在力斗怪兽的同时，沈富又如何在三天限期内破案？
速度与激情7 英语,温子仁目前正积极忙于影片拍摄前的准备工作，而且正在设计了很多与众不同的动作场面。除此之外，他还在采访中爆出一段猛料：杰森斯坦森确定加盟《速度与激情7》，饰演第六部大反派欧文肖（卢克伊万斯 饰）的哥哥伊恩肖，届时将上演哥哥为弟弟报仇的戏码。再加上确定回归的范迪塞尔和岩石道恩强森，三大光头猛男无疑将碰撞出更为热血的火花。
鬼打鬼之黄金道士,道长林正英与徒儿入住鬼屋，遇到善良女鬼罗慧娟，为他赶走恶鬼丈夫，此时外国黑社会集团出现，女鬼为他们驱走恶人。英叔立志将捉鬼之学开宗立派，有徒弟跟随。英叔拼命储钱兼职护卫员，被派往一等候发展之旧屋看守……英叔乘机与徒弟入住收租。娟正是数百年前之典型小女人，被恶鬼丈夫千般折磨。英叔入住，与男鬼交手，知悉原由赶走男鬼，并因利乘便，让弟以娟为靶，实习捉鬼。外国黑社会集团知悉大屋原来有二次大战遗下之大批藏金，扮作摩门教徒入住。但终被英叔等人揭穿。恶斗之下，洋鬼出鎗，幸而娟介入将洋鬼赶走。
宝塔镇河妖之诡墓龙…,清朝末年，城中百姓多数染上怪病。关心国家命运的禾苗希望张孝智助自己到水下地宫取得宝藏。但另有几方势力为了获得地宫宝藏展开了一场大乱斗。最终，众人发现所谓的宝藏根本子虚乌有。而导致盛京变成人间地狱的根源也非妖魔鬼怪，而是日本人人体试验的阴谋。 张孝智与禾苗、兄弟钱眼儿、弃暗投明的黑风双煞最终不计自身安危地准备解救盛京的危局……
茅山,桃源镇的阴守一从小到大都梦想能够成为茅山弟子，匡扶正义。但母亲却只希望他能平安度过一生。茅山叛徒洛幻真再次挑衅茅山，想要抢夺茅山灵气，阴守一意外被选为“九龙真人”，担负起了拯救茅山的责任。茅山掌门凌霄道长对阴守一不抱希望，但渐渐被阴守一的执著和大义感动，将阴守一培养成了真正的九龙真人，守护茅山。
寻梦环游记,热爱音乐的米格尔不幸地出生在一个视音乐为洪水猛兽的大家庭之中，一家人只盼着米格尔快快长大，好继承家里传承了数代的制鞋产业。一年一度的亡灵节即将来临，每逢这一天，去世的亲人们的魂魄便可凭借着摆在祭坛上的照片返回现世和生者团圆。在一场意外中，米格尔竟然穿越到了亡灵国度之中，在太阳升起之前，他必须得到一位亲人的祝福，否则就将会永远地留在这个世界里。米格尔决定去寻找已故的歌神德拉库斯，因为他很有可能就是自己的祖父。途中，米格尔邂逅了落魄乐手埃克托，也渐渐发现了德拉库斯隐藏已久的秘密。
旺角半熟少女,榕榕、大家乐和摇摇都是爱在旺角出没的少女，三人均处于肉体成熟但思想半熟的时期，也有各自不同的问题。榕榕长期被男友豪仔要求交换第一次，令她好不烦恼；大家乐则因错爱者师而被停学，后来却发现不过是被老师玩弄；摇摇更因染上毒瘾，要以肉体换取毒品。从重家组被调往“明灯计划”的女警程姐，其首项任务是辅...
战狼2,故事发生在非洲附近的大海上，主人公冷锋（吴京 饰）遭遇人生滑铁卢，被“开除军籍”，本想漂泊一生的他，正当他打算这么做的时候，一场突如其来的意外打破了他的计划，突然被卷入了一场非洲国家叛乱，本可以安全撤离，却因无法忘记曾经为军人的使命，孤身犯险冲回沦陷区，带领身陷屠杀中的同胞和难民，展开生死逃亡。随着斗争的持续，体内的狼性逐渐复苏，最终孤身闯入战乱区域，为同胞而战斗。
大战食人蝎,"戴尔菲娜患了癌症躺在医院里,鲁迪·萨拉萨尔有匹配的骨髓捐献给她以挽救她的生命.如果他捐献他的骨髓他将免于他的劳役之灾获得重新的生活,但是他在去医院的路上逃走了,开始另一种恐惧的日子。"
赤裸狂奔,李小燕生于中国，因误信大陆姑爷仔而沦为妓女更染上毒瘾，盛怒之下杀了姑爷仔逃亡至香港。小燕重操故业，于扫黄行动中被捕，香港警察张大卫与大陆贩Kingkong勾结运毒，张为自保不惜欺骗下属兼女友Rainbow，带小燕回广州接近Kingkong，协助他运毒来港以拘捕他，岂料回港时Kingkong以毒针刺晕小燕及Rainbow，两人醒来时已身处加拿大海关……
玩命追踪,个性容易冲动火爆的布兰特（杰森斯坦森饰），有一次在街头遇上三个混混试图要偷走他的车，身为警官的他竟然动用私刑痛打了这三名嫌犯，因此他被强制接受心理咨询。某天，城市出现了一名专杀警官的连续杀人魔，他的凶器是一把锤子，无人知道他的踪迹，而他靠着连续犯案来追求社会的关注。布兰特奉命追查这名凶手，面对凶残狂妄凶手的放肆挑衅，布兰特真的火大了，既然法律都没办法制裁这名凶手，他决定要靠自己的双手，为这个社会伸张正义！
战场,
神偷奶爸3,预算并不大、制作时间也不长的影片《神偷奶爸》（又名《卑鄙的我》）自上映起便获得了极大的关注度和良好的口碑，不论是在北美还是海外都获得了超高的票房，这部曾被称为票房黑马的电影成为环球影业可以动画领域的翘楚迪斯尼、梦工厂相互抗衡的第一部电影。它的出现，改变了迪斯尼好莱坞动画电影一枝独秀的局面。如今，本片在经历了5个年头后将于2017年推出该系列的第三部
蜘蛛侠:平行宇宙,蜘蛛侠不止一个！漫威超英动画巨制《蜘蛛侠：平行宇宙》将经典漫画与CGI技术完美呈现，讲述了普通高中生迈尔斯·莫拉斯如何师从蜘蛛侠彼得·帕克，成长为新一代超级英雄的故事。影片中迈尔斯和从其它平行宇宙中穿越而来的彼得、女蜘蛛侠格温、暗影蜘蛛侠、潘妮·帕克和蜘猪侠集结成团，六位蜘蛛侠首次同框大银幕，对抗蜘蛛侠宇宙最强反派。
鬼整人,一个叫雪霞的女人在古代被冤枉砍了头，含冤死去，后来变成厉鬼到了现代她想找害死她的人的后代报复。她根据斩她头的那把刀找到了一个光头仔，后来大姑妈（惠英红）和大叔公（谷峰）合手来对付女鬼，女鬼不是他们的对手，最后答应被祖师爷（午马）收服后又逃出的狮王要求，嫁给他做魔王的妻子。最终祖师爷给他们符咒让小雄带上，并嘱咐要用阴阳童子尿对付女鬼，经过连番厮杀终于将狮王和女鬼收服。情节中有一段卖粽子的，她说我要一个，一连要了很多，那人回头一看没头，都把粽子塞脖子里了，然后那人被鬼咬死了，还有有酒鬼夜晚回家路上看到她梳头，起了色心，过去一看是鬼，也被吸血了........
绑架者,重案组警察林薇（白百何 饰）的女儿突然失踪，唯一嫌疑人杨念（黄立行 饰）却在案发当夜横遭车祸并失去记忆。在追踪线索和回忆的逃亡路上，杨念不断遭人暗杀，一心找回女儿的林薇也不惜代价对他步步紧追，重案组组长陆然（明道 饰）在关键时刻对林薇施以援手。真相一层层剥开……
罗小黑战记,在熙攘的人类世界里，很多妖精隐匿其中，他们与人类相安无事地生活着。猫妖罗小黑因为家园被破坏，开始了它的流浪之旅。这场旅途中惺惺相惜的妖精同类与和谐包容的人类伙伴相继出现，让小黑陷入了两难抉择，究竟何处才是真正的归属？
绝色之战,2050年，X国获知境外邪恶组织“罗刹”得到了一种可以改造人记忆的“虚拟记忆改造技术”，“末罚兵团”的队长白炙率领其队员恶氧、鬼车、狴蛟、猎隼等潜入罗刹组织摧毁其虚拟记忆改造技术，却由于其中有内鬼而不幸落入了罗刹组织首领“判官”的陷阱当中，几人也因此成为了罗刹组织“虚拟记忆改造技术”的实验品。白炙、恶氧、鬼车、狴蛟、猎隼等人在虚拟记忆实验中经历了一场“自相残杀”后，最终还是恢复了原有的真实记忆。而白炙也通过这次实验发现原来自己的队友恶氧的真实身份是罗刹组织中的内鬼。白炙、鬼车、狴蛟、猎隼等人从虚拟记忆中苏醒后所面临的是如何继续完成摧毁“虚拟记忆改造技术”的任务和突出重围的危险。最后，为了能够完成任务，猎隼和狴蛟相继牺牲。而白炙在心怀愧疚的恶氧的帮助下摧毁了“虚拟记忆改造技术”。恶氧和白炙也用自己的生命为代价将罗刹组织彻底毁掉，最后鬼车拖着残肢向远方走去……但一切却似乎并没有结束，“虚拟记忆改造技术”再次默然启动……
少女佳禾,两年前，母亲的意外遇害，令李佳禾的生活彻底“黑暗”起来。面对同学的霸凌和懦弱的父亲，少女佳禾逐渐养成了有仇必报的刚硬性格。一次车祸，她撞见了在工读学校表现良好而提前归来的“少年犯”于镭，寻求律师无果后，佳禾决心要在14岁生日之前完成自己的“未成年复仇计划”。她跟踪并伺机接近于镭，学喝酒、泡网吧，甚至和他身边的社会青年混成一片。终于，当机会到来时，她一步步陷入了危险与犯罪的边缘……
笑林小子2：新乌龙院,女魔头天魔再现江湖，并收买糊涂杀手黄柠檬（张卫健）及红柠檬（叶全真）前往一座名不见经转的老寺乌龙院，企图夺得放于面璧大师右手掌的洗髓经秘笈。怎料，他俩却遇上寺内三名行踪怪诞的弟子，分别是体重与胆色同重的大师兄（吴孟达）、鬼主意通天的小文（郝邵文）及武学奇才小龙（释小龙）。此三名弟子不时与其师父（李明炀）斗法，但在黄、红柠檬眼中，却以为另有文章。其间，大师兄趁化缘机会，带同小文与小龙偷拍广告赚钱，因而结识了广告明星郑大侠（郑少秋）。天魔突然出现，并言明当日与面壁结下情缘，但他去忘恩负义，因此天魔怀恨在心，定要致面壁于死地。
道士下山,动荡的时代下，武功高强的道士何安下（王宝强 饰）被师父（李雪健 饰）送下山自谋生路。不谙世事的他来到大千世界，因抢了荷叶鸡而拜入医生崔道宁（范伟 饰）的门下。老板娘玉珍（林志玲 饰）如花似玉，同时周旋在丈夫和叔叔道融（吴建豪 饰）之间，由此酿成一场悲剧。此后何安下独自经营药房，却无意中卷入江湖恩怨之中。他被隐姓埋名的扫地道士周西宁（郭富城 饰）高强的武功所折服，自愿拜其为师。与此同时，周的师弟彭乾吾（元华 饰）杀气腾腾找上门来。而曾与周一同练功的查老板（张震 饰）更将风波推向了高潮。上山，下山，何安下在短短的时间内悟出了许多真理……
捷德奥特曼 特别篇,拥有邪恶奥特曼战士贝利亚奥特曼遗传因子的青年朝仓陆！...此刻！苦痛的天命，自我的证明！
赛迦奥特曼,光之国最强的年轻战士赛罗奥特曼、传说的英雄戴拿奥特曼、慈爱的勇者高斯奥特曼，尽管来自不同宇宙的3位奥特英雄，为解决地球未曾有过的危机超越时空集结！个性不同的3位奥特战士们，和在苦境中已经失去希望的地球人类，用勇气和牵绊抓住希望和未来。
青春派,不疯狂，怎叫青春？居然（董子健 饰）在高考前拍毕业照时，当着全校师生的面，大声地用泰戈尔的诗句向暗恋了三年的黄晶晶（安悦溪 饰）表白，收获了甜蜜的初恋。但很快初恋的甜蜜就被闻讯赶来的母亲（咏梅 饰）破坏了，黄晶晶在居然母亲的刺激下傲然离去，居然伤心的想爬墙挽回初恋，却摔伤了尾骨。失恋加受伤的他高考失利，看着黄晶晶前往复旦的身影，决定复读追逐爱情。开始了一段疯狂的高三历程。 　　在每个青春的回忆中，一个深陷暗恋默默付出的女孩儿，几个情感丰富讲义气的哥们，一群各有故事特色十足的损友，一段所有人共有的回忆。这就是青春派——生活里总在闪烁，永不褪色的一段岁月。
欢愉主妇,尽管与丈夫关系冷淡，但Kaja表面上依旧是一位随和、乐观的家庭主妇。当新邻居 Sigve和Elisabeth夫妇搬来之后，他们高尚的生活让Kaja感到无比向往。这对美丽、教养很好的夫妇领养了一位黑人男孩，还利用业余时间在唱诗班演唱。Kaja、Sigve意外地开始了一段婚外恋情，就当两人水乳交融的时刻，一桩桩秘密与真相被揭开。
急先锋,中国商人秦国立在英国惨遭雇佣兵组织“北极狼”绑架，秦的女儿Fareeda（徐若晗 饰）也卷入其中，遭到追杀。千钧一发之际，急先锋国际安保团队成为他们唯一的希望，由总指挥唐焕庭（成龙饰）带领雷震宇（杨洋饰）、张凯旋（艾伦饰）、弥雅（母其弥雅饰）、神雕（朱正廷饰）等组成的急先锋行动小组，上天入地，辗转全球各地施展惊险营救。解救人质的过程中，竟发现“北极狼”背后的恐怖组织还策划了一场惊天密谋……
女人公敌,他们说，有女人的地方就有战场，不低调只有死路一条； 他们说，做女人，要么忍，要么残忍，看不见的敌人才是最可怕的对手。美女=花瓶=狐狸精？穿着暴露就是勾引，长相漂亮就是祸水，美女升职加薪都被说成潜规则！职场“狐狸精”孙小美，竟因美貌而被当做了“女人公敌”！ 　　职场如宫斗，孙小美面临着接二连三的重重关卡，名誉危机、事业陷阱……如何才能打败不怀好意，重重设陷的“四大妖精”？怎样才能征服来势汹汹，身份特殊的“虎豹姐妹团”？职场“狐狸精”开始反击——用行动为自己正声，即使遍体鳞伤，也要活得漂亮！
蛇妖世界,小娴天生脸上有一块大胎记，为此只能找很低工资的工作。丁丁是她养的宠物蛇，由于没钱，只能每星期喂蛇喝自己的血。实际上小娴的胎记是天符，她的血可以助妖精修成正果，为了得到她和血，双性魔用各种办法，但却被已经修成正果的丁丁发现，为了保护自己所爱的女主人，丁丁和双性魔展开了一场惊心动魄的战斗.
建国大业,"在抗战结束之后，各阶级、各党派、广大人民群众反战情绪高涨。于是，在民主爱国人士张澜等人的斡旋下，毛泽东（唐国强 饰）代表的共产党与蒋介石（张国立 饰）代表的国民党拉开了重庆谈判的序幕。为了表示诚意，共产党主动放弃了部分占领的解放区，然而，国民党却丝毫没有建立民主政府的意思，反而驱赶民主党派，逐渐走向了军政府独裁统治的灭亡之路。期间，以毛泽东为首的共产党人通过建立广泛的爱国统一战线，获得了全中国人民群众的支持，为中国人民政治协商会议的召开奠定了扎实的基础，与此同时，垂死挣扎的国民党仍妄图借助阴谋暗杀等卑劣手段阻挠会议召开，一场为建立新中国的决战由此展开……
本片汇集了史无前例的172位国内明星，开创了新时期主旋律题材的先河。"
上甘岭（1956）,抗美援朝进入最关键的决胜阶段了。美军在板门店谈判期间，暗中调集大量军队，发动突然袭击。美军目标很明确，就是攻占上甘岭，以此作为据点，进而夺取五圣山，一次增加谈判的筹码。　　在上甘岭守卫的是中国人民解放军某部八连。面对比我方多得多的敌军，解放军没有退缩，而是选择了顽强抵抗，以此拖延美军时间，粉碎敌人阴谋。连队在连长张忠发（高保成 饰）的带领下，与美军浴血奋战。虽然坑道里的环境恶劣，而且面临着断水断粮的危险，但是解放军硬是坚守了24天，为中朝联军大反攻奠定了坚实的基础。
豆福传,西汉武帝年间，淮南王刘安崇尚仙法，广集豆类练取仙丹，仙丹未炼成，豆子却幻化为人形有了生命，成为了“豆族”。 主人公豆福和刘安一样痴迷于仙术，但是苦修多年也未能得道成仙。青梅竹马的豆香及志同道合的好友皆怀疑仙术，劝其放弃，但是豆福一直苦苦坚持。一次机缘巧合，豆福在神经病院碰上了神经兮兮的神经豆，在神经豆的指点下，豆福的仙术突飞猛进，而修仙背后的阴谋，也开始逐渐浮出水面
大侦探皮卡丘,好莱坞真人电影《大侦探皮卡丘》（暂译）讲述了蒂姆·古德曼（贾 斯 提·史密斯饰） 为寻找下落不明的父亲来到莱姆市，意外与父亲的前宝可梦搭档大侦探皮卡丘相遇，并惊讶地发现自己是唯一能听懂皮卡丘说话的人类，他们决定组队踏上揭开真相的刺激冒险之路。探案过程中他们邂逅了各式各样 的宝可梦，并意外发现了一个足以毁灭整个宝可梦宇宙的惊天阴谋。该电影改编自任天堂3DS同名游戏，由罗伯·莱特曼导演，瑞安·雷诺兹为大侦探皮卡丘配音，贾斯提斯·史密斯、凯瑟琳·纽顿等主演。
诛仙Ⅰ,草庙村被屠，少年张小凡双亲离世，被青云门大竹峰收留。机缘巧合之下，他习得佛门天音功法，又意外获得魔教法器烧火棍，踏上强者之路的同时，也让他陷入了巨大的危机。至魔法器的现世，与陆雪琪、碧瑶、田灵儿三个女生间命运的交错，都让他原本单纯的人生轨迹充满变数。一个勇者驳斥命运的传奇之旅就此展开......
少年的你,"一场高考前夕的校园意外，改变了两个少年的命运。 
　　陈念性格内向，是学校里的优等生，努力复习、考上好大学是高三的她唯一的念头。同班同学的意外坠楼牵扯出一连串不为人知的故事，陈念也被一点点卷入其中…在她最孤独的时刻，一个叫“小北”的少年闯入了她的世界… 
　　大多数人的18岁都是明媚、快乐的，而他们却在18岁这个夏天提前尝到了成人世界的漠然。一场秘而不宣的“战斗”正在上演，他们将一起守护少年的尊严。"
火辣大电影,本片取材自80年代的知名南印艳星Silk Smitha (1960/12/2至1996/12/23)的一生，并非正式传记改编电影，而是导演、制片跟编剧一起收集资料加上参考Silk的生平所创作的剧本。 　本片并未刻意批判或为Silk Smitha辩解，而是试图透过Silk Smitha的生平，呈现演艺圈五光十射的光鲜表象下隐藏的黑暗与悲剧。本片于2011年12月2日，也就是Silk Smitha的生日上映，上映后评价跟票房都不错，女主角薇迪雅.巴兰的演技与演艺事业都因此更上一层楼。　　故事发生在80年代初。想象一下，一名女化妆师想当上女主角，她又会有怎样的际遇呢？Silk Smitha是个南印女孩，但她绝不是电影明星。她从昔日一个饰演荡妇角色的演员，攀升为当今最拥有致命诱惑力的物质女孩。对于观众来说，她有着无法阻挡、无法停止的野心；对于世界来说，她是性感女王；对于她的内心来说，她渴望得到一份被她抛弃已久的真爱。　　该片讲述了一代荧幕热门女星Silk Smitha的人生经历，她是如何瞬间上位，又是如何身价暴跌。《不雅照》以80年代的南印度电影业为背景，配以丰富多彩的画面和寓教于乐的影片设定。这是一场欺骗与不忠的不幸遭遇，也导致了可怕的后果！　　薇迪雅·巴兰在此片中演技过人，已经获得了第18届屏幕奖和巨星娱乐奖最佳女主角奖，相信以后还会凭此获得最佳女主角奖。
鬼战,广告片导演小汤（任达华 饰）带领摄制组在一座废弃的老宅子内拍摄，房屋有一贴着封条的古旧箱子。因嫌其碍事，小汤不顾摄制组成员的警告，执意将箱子挪往他处。但意外随即而至，箱子封条自动脱落，导演助理小谢被箱子撞倒，从高处坠落不治身亡。而这起惨剧，小汤竟在冥冥中的幻觉里早已得知。
速度与激情9,曾主演过《速度与激情3：东京漂移》的男星卢卡斯·布莱克宣布将加盟《速度与激情7》，据悉，他不仅将加盟第七部，而且已经确定要参演第八部和第九部。这似乎证实了之前媒体的猜测：《速度与激情》的7-9将成为一部新的系列三部曲。
花芯,在父母亲的安排之下，园子嫁给了名为雨宫的青年，从此告别了少女时代，步入了家庭主妇的行列。然而，园子的内心里对于雨宫没有丝毫的感情，她的丈夫对于她来说，不过是和自己住在同一屋檐下的陌生人而已。即便如此，园子还是和雨宫发生了肉体关系，并且怀上了雨宫的孩子。十个月之后，园子成为了母亲。 之后，工作上的变动让雨宫一家人来到了京都生活。一次偶然中，园子结识了雨宫的上司越智。在一来二去的交往之中，园子被风度翩翩温文尔雅的越智所吸引，而越智亦在园子的身上发现了寂寞的气息，最终，两人越过了伦理道德的那条界限。
哆啦A梦：伴我同行（…,"为了什么都做不来的大雄，22 世纪的玄孙世修送了猫型机器人──哆啦A梦来现代。
哆啦A梦于是开始勉勉强强的协助大雄的日常生活。虽然刚开始不太习惯，但两个人的关系也日渐变的紧密。得知大雄的梦想是打算与梦中情人的同班同学静香结婚以后，哆啦A梦就想尽办法要帮助大雄获得静香的芳心。
正当静香总算答应了大雄的求婚的时候，任务完成的哆啦A梦却被完成程式要求，要在48小时内回到22世纪。难道，得到了什么，自然的，也会失去些什么这个命定的预言，没办法被哆啦A梦跟大雄突破。面对哆啦A梦即将离开的冲击，大雄又该如何自处。"
奥特曼大电影超银河…,曾被光之国封印在宇宙监狱中的邪恶战士——“贝利亚奥特曼”，利用扎拉布星人成功越狱，并发誓要复仇！他夺取了奥特曼战士的生命之源：人工太阳的核心、以及禁止使用的神器“千兆战斗仪”，企图复活并控制怪兽墓地里的100头怪兽和宇宙人。失去力量的奥特曼们被冰封在沉寂的光之国……与此同时，遥远的K76星上，被誉为最有潜力的年轻奥特战士正在进行严酷的特训。谁？能够最终战胜邪恶，恢复宇宙的和平呢…
战士,在革命烈士纪念碑前，抗战老兵王二回忆起了自己曾经的前辈、导师及战友。在那个战火纷飞的年代，侵华日军的铁蹄踏到了王二所在的村子里。十五六岁的王二胆小懦弱，无依无靠的他在炮火中无所适从，直到一个八路军的班解救了他。就此他结识了有勇有谋的班长赵真，机灵的侦查员张鹏，大大咧咧的警卫员孙大嘴，谨慎的刘贵，沉着的狙击手周大宝，善良的卫生员叶琳，以及因厌恶侵略战争而投靠八路军的原日军成员小林健次郎。赵真所在的班因解救王二而与大部队失散，他们一行人带着王二，在日军的封锁区艰难的寻找着大部队。在战火的洗礼中，他们每个人都面临着突破自我的考验……
余生，请多指教,即将毕业的大学生林之校正处于人生的选择阶段，同时她的父亲又患了胃癌。这一切并没有将林之校打倒，性格乐观正能量的她给冰冷的医院带去了一片生机和活力，同时也感染了父亲的主治医师顾魏。善良且努力生活的林之校带给顾魏前所未有的快乐和幸福。两人之间的爱情没有轰轰烈烈，却在生活中点点滴滴展现爱情，最终两人跨越了现实的阻碍和重重误会认定彼此要携手共度余生。
奇门遁甲,奇幻3D巨制《奇门遁甲》由徐克监制、编剧，袁和平执导，将于2017年12月15日贺岁档震撼公映。该片讲述的是一个妖孽横行，天象大乱的时代，外星妖物侵袭而来。此时江湖上精通“奇门遁甲”之术的神秘组织“雾隐门”挺身而出，其首领老大（伍佰 饰）、弟子诸葛青云（大鹏 饰）、铁蜻蜓（倪妮 饰）和雾隐七子等众人各怀所长。另一方面，诸葛青云途中寻找新一代掌门小圆（周冬雨 饰）之时，新晋捕快刀宜长（李治廷 饰）为救铁蜻蜓亦被牵连在内。一时间，风云涌起，“天外来客”与“雾隐门”之间的正邪之战即将引发，一场新的奇幻危机正在来临
大约在冬季,在洛杉矶长大的女孩小念（文淇饰），因一场变故随看似冷漠的母亲安然（马思纯饰）回国，偶然发现的一张琉璃手链的照片，意外揭开一段被母亲尘封近三十年的爱情故事——北师大才女安然与台湾男生齐啸（霍建华饰）在1991年齐秦演唱会上邂逅相识相爱，这段热烈的爱情却屡屡因为误会、变故和时代原因遗憾分离。当有机会再次重逢，会重燃？会逃避？还是会放下？结局，大约在冬季揭晓。
捉妖记2,上一集与胡巴分别后，天荫带着小岚踏上寻父之路，在义薄云天的天师堂堂主云大哥的帮助下，二人得知天荫父亲宋戴天的护妖轨迹；而重回永宁村的胡巴再度被妖王追杀，颠沛流离逃亡时结识大赌徒屠四谷和一只妖怪，三人一起过着相依为命的生活，但又因屠四谷欠下的巨额赌债横生诸多波折。与此同时 ，江湖盛传小妖王胡巴的重金悬赏令，妖界大军、天师精英、绿林草莽闻风而动，多方势力为抢夺胡巴在清水镇掀起腥风血雨。千钧一发之际，念子心切的天荫和小岚通过天师堂找到胡巴并一起逃离险境。岂料，一场更大的惊天阴谋尾随而至，伺机而动……
黑衣人3 普通话版,月球最高监狱，穷凶极恶的伯格罗多星人鲍里斯越狱逃亡。他在1969年犯下邪恶罪行，最终被年轻的K 砍掉一只手臂，送入监狱。此次他逃脱的目的，就是穿越时空杀死K。与此同时，J 和K一如既往处理各种外星人引起的混乱，因对鲍里斯的案件三缄其口，两个好搭档心生隔阂。
新人肉叉烧包,王志恒是八仙饭店的伙计，被老板发现他赌博出千，终与老板翻脸，一时冲动竟将老板一家八口全部杀掉！为毁尸灭迹，他将八具尸体分尸并用人肉做成叉烧包，竟因其美味远近闻名。一个偶然的机会，被王埋在山上的人骨被人发现，澳门刑事侦察科的警官被卷入这个惨绝人寰的案子……
挪威的森林（日本）,木月自杀之后，留给曾经青梅竹马的恋人直子（菊地凛子 饰）以及他们的好朋友渡边（松山健一 饰）无法弥合的伤痛。为了忘掉曾经伤痛的记忆，渡边选择了前往东京求学。在新的环境中，渡边几乎忘记过去的一切，直到某天与直子偶遇。在他们共同的记忆里，木月是不可能回避的话题，但他们却像约好了一样谁也没有提起这个人。直子20岁的生日，屋外淫雨霏霏，屋内直子与渡边温存一夜。直子搬家了，她又一次从渡边的生活中消失，渡边的生活似乎又一次恢复平静，但他的内心却满怀伤害直子的愧疚，直到渡边收到直子的信。渡边认识了开朗热情的女同学绿子（水原希子 饰），两人很快坠入爱河，但在渡边的心里，永远有一个位置属于直子……
抗日奇侠之武功队,中共地下抗日武装组织成员洛生和莺歌受上级指派，乔装成街头艺人来到韭菜岗子镇，按照约定时间与潜伏在此的地下交通员月兰同志接头，拿到韭菜岗子镇日伪军驻防图，为大部队反攻做准备。二人初到此地，意外救下被日本人追杀的民众大呲花，三人合力与日本人周旋对抗，最终与月兰成功会合。就在此时，日本人藤野也发现了洛生和莺歌乃是中共抗日武装成员的的真实身份，调集兵力围剿。洛生、莺歌、月兰和大呲花四人组成临时抗日小组，最终合力消灭了藤野，但洛生、月兰和大呲花也在战斗过程中献出了自己宝贵的生命，他们的名字镌刻在了中华民族抗击日本侵略的英雄史册之中。活下来的莺歌不忘使命，独自带着驻防图去与大部队会合，开启属于她的新征程。
边境执行,美国一位女记者寻找她失踪的兄弟的背景下，展现出整个美国、墨西哥边境的暴力和人口走私的真实情况。本片基于真实故事改编。
沐浴之王,在一次搓澡服务中，富二代肖翔和搓澡工周东海发生矛盾，让周东海面临生活困境。肖翔因跳伞事故被送到医院记忆全失，周东海恰巧撞见，心生一计，骗肖翔是自己的弟弟并骗回周家澡堂当搓澡工，于是一个富二代开始了一段啼笑皆非的搓澡生涯……
荡女奇行,亚洲影后李菁一改以往角色形象，首次饰演一位因受环境所逼，以致心理变态，玩世不恭之女子。剧情描述龙佩佩（李菁）为了医治身患重病之妹妹龙珊珊（陈萍），下嫁有性虐待倾向之富商，致此陷于身心极度痛苦之处境。佩佩后来迷上青年歌星陶沙（宗华），更与他结下一夕之欢，然而陶沙所爱者却是珊珊。佩佩得悉真相后，精神大受刺激，竟欲置陶沙与珊珊于死地……荡女奇行，固足令人惊异；而她的不幸遭遇，更值得同情叹息！
白鹿原,传说中白鹿庇佑的白鹿原上，世代居住着同根家族白、鹿两姓子孙。时代变迁，清朝覆灭，民国建立。现任族长白嘉轩（张丰毅 饰）之子白孝文（成泰燊 饰）、乡约鹿子霖（吴刚 饰）之子鹿兆鹏（郭涛 饰）与白家长工鹿三之子黑娃（段奕宏 饰）情同手足，成年后各赴前程。黑娃与渭北郭举人家的小女人田小娥（张雨绮 饰）私通败露，田小娥亦被族长拒于祠堂之外，两人遂迁至慢坡窑洞内度日。加入共产党的鹿兆鹏从城里带回革命浪潮，黑娃成为中坚力量，国共分裂后兄弟俩被迫逃亡。鹿子霖乘机霸占独自留守的田小娥，并设计利用她陷害下任族长白孝文，引发族内轩然大波……风云变幻的时局下，素有“仁义”之名的白鹿村内纷争不断，古老的土地面临着翻天覆地的变化。本片改编自陈忠实先生第四届茅盾文学奖作品《白鹿原》。原著时间跨度长达半个世纪，影片截取其中1912年到1938年间的动荡变迁，原生态的秦腔演绎与苍茫的麦田取景令人沉醉。
小小的愿望,突然患上肌肉萎缩症的高中生高远（彭昱畅 饰），被医生告知时日不多，决心在临死之前完成一个愿望，那就是成为一个真正的男人！得知这个消息的身边两位好兄弟徐浩（王大陆 饰）和张正阳（魏大勋 饰），为了兄弟最后的愿望，不惜一切奋战到底！
追龙,"电影《追龙》讲述了香港现代史上两大著名狠角色大毒枭跛豪（甄子丹饰）、五亿探长雷洛（刘德华饰）的传奇故事。 
　　上世纪六七十年代，香港由英国殖民，权势腐败、社会混乱。1963年，穷困潦倒的青年阿豪（甄子丹饰）偷渡至香港，抱着“生死有命、富贵在天”之心决意一搏人生。阿豪带着几个兄弟，从九龙城寨底层开始一路刀刃舔血，爬上香港毒品霸主之位，一手掌控香港十大黑帮，江湖人称“跛豪”。而雷洛（刘德华饰）则从一位普通探长一步步爬上华人总探长高位，统领全香港三万警察，手握香港治安“潜规则”。为垄断香港黄赌毒三大经济产业，跛豪与雷洛结拜为兄弟，两人一黑一白两手遮天，权势滔天，家财亿万，独霸香港岛"
雷霆追击,曾在国外做过私人保镖的退伍军人雷霆，得知儿子雷欧被国外黑帮引诱至当作活人狩猎游戏的筹码后，雷霆连同两位好友带着装备进入异国的密林中，几番殊死搏斗救下儿子，兄弟却沦为人质。绞杀现场，雷霆愿以命换命，此时，一位他曾经救下的女人出现了，原来她才是猎杀活人组织的老大，是知恩图报还是见死不救？或者，面对杀红眼的坏人，她能够力挽狂澜吗？
